press,title,pub_date,url
뉴스1,"광진구, 권익위 주관 종합청렴도 2등급 달성…12년 만에 성과",2023.01.30.,https://www.news1.kr/articles/4937702
아시아경제,김경호 광진구청장 현장 중심 소통 행보 올해도 이어간다,2023.01.31.,https://view.asiae.co.kr/article/2023013106564862193
헤럴드경제,"광진구, 취약계층 난방·전기료 지원 위해 1억5800만원 추경 편성",2023.01.30.,http://news.heraldcorp.com/view.php?ud=20230130000014
시사매거진,"광진구의회, 취약계층 난방비 지원 확대 요구 간담회 개최",2023.01.31.,https://www.sisamagazine.co.kr/news/articleView.html?idxno=481310
뉴스1,"광진구, 중소기업·소상공인 최대 2억원 융자…연 1.8% 고정금리",2023.01.31.,https://www.news1.kr/articles/4938899
신아일보,"광진구, 민선8기 구민 행복지수 UP↑ 불만 DOWN↓",2023.01.31.,http://www.shinailbo.co.kr/news/articleView.html?idxno=1655518
서울신문,"광진구, 취약계층 대상 공공요금 지원 추경 편성",2023.01.29.,https://www.seoul.co.kr/news/newsView.php?id=20230129500032&wlog_tag3=naver
이뉴스투데이,"광진구의회, 취약계층 난방비 지원 확대 요구 간담회 개최",2023.01.30.,http://www.enewstoday.co.kr/news/articleView.html?idxno=1633981
아시아경제,민선 8기 김경호 광진구청장 출범 구민 평가 좋아,2023.01.30.,https://view.asiae.co.kr/article/2023013017283646457
뉴스1,"깜깜이 진료 그만…광진구, 동물병원 진료비 게시 의무화",2023.01.27.,https://www.news1.kr/articles/4935546
뉴시스언론사 선정,설 연휴 다음날 새벽 광진구 찜질방 지하서 불…120명 대피,2023.01.23.,http://www.newsis.com/view/?id=NISX20230123_0002167579&cID=10201&pID=10200
연합뉴스,"비비지 ""뒷말하는 이들에게 통쾌한 한 방 대신 날려드려요""",2023.01.31.,https://www.yna.co.kr/view/AKR20230131148400005?input=1195m
일간스포츠,[포토] 비비지 엄지 '쉿',2023.01.31.,https://isplus.com/article/view/isp202301310135
헤럴드경제,"광진구, 위험 수목 정비 대상지 모집",2023.01.26.,http://news.heraldcorp.com/view.php?ud=20230126000011
서울신문,"광진구, 보호종료아동 임차료·자립정착금 지원",2023.01.26.,https://www.seoul.co.kr/news/newsView.php?id=20230126500199&wlog_tag3=naver
이데일리,"""이 나이에 딱"" 비비지, '풀 업'으로 야무지게 컴백[종합]",2023.01.31.,http://starin.edaily.co.kr/news/newspath.asp?newsid=01407126635483296
뉴시스,"비비지 ""2023년, 우리를 '각인'시켜야 하는 해죠""",2023.01.31.,http://www.newsis.com/view/?id=NISX20230131_0002176230&cID=10604&pID=10600
신아일보,"광진구, 마을강사 모집…""잠재력 끌어올려 학교로""",2023.01.30.,http://www.shinailbo.co.kr/news/articleView.html?idxno=1654951
서울경제,"비비지 은하, 살랑살랑 [SE★포토]",2023.01.31.,https://www.sedaily.com/NewsView/29KOU8EMAW
오마이뉴스,[오마이포토] 'VIVIZ' 색다른 모습,2023.01.31.,https://www.ohmynews.com/NWS_Web/View/at_pg.aspx?CNTN_CD=A0002898927&CMPT_CD=P0010&utm_source=naver&utm_medium=newsearch&utm_campaign=naver_news
뉴시스언론사 선정,서울 광진구 노룬산시장 공사장서 화재…인명피해 없어,2023.01.25.,http://www.newsis.com/view/?id=NISX20230125_0002169062&cID=10201&pID=10200
뉴스1,"광진구 ""첫돌사진 촬영비 신청하세요""…최대 10만원 지원",2023.01.26.,https://www.news1.kr/articles/4934390
헤럴드POP,"[포토]비비지, '성숙해진 매력'",2023.01.31.,http://biz.heraldcorp.com/view.php?ud=202301311620162836670_1
아시아경제,김경호 광진구청장 활짝 웃었다 ...이유?,2023.01.27.,https://view.asiae.co.kr/article/2023012717265952649
머니S,"[머니S포토] 컴백 비비지, 3人3色 치명적 매력",2023.01.31.,http://moneys.mt.co.kr/news/mwView.php?no=2023013117264210713
뉴시스,수업시간 마스크 착용은 자율,2023.01.30.,http://www.newsis.com/view/?id=NISI20230130_0019726087
파이낸셜뉴스언론사 선정,실내 마스크 의무 착용 해제,2023.01.30.,http://www.fnnews.com/news/202301301030126796
열린뉴스통신,"광진구, '군자동 신년 사업보고회' 개최…15개 동 일정 이어나가",2023.01.30.,https://www.onews.tv/news/articleView.html?idxno=152709
국민일보언론사 선정,“35만원하던 가스요금이 70만원! 장사 너무 힘들어요”,2023.01.31.,https://news.kmib.co.kr/article/view.asp?arcid=0017914215&code=61141611&cp=nv
MBC연예,"[포토] 비비지 엄지-신비-은하, '풀 업' 미모",2023.01.31.,http://enews.imbc.com/News/RetrieveNewsInfo/372169
이데일리,"[포토]신비, 비비지 리더의 미모",2023.01.31.,http://starin.edaily.co.kr/news/newspath.asp?newsid=01371046635483296
스포츠경향,"비비지 은하 “긴 머리 변신, 이런 카리스마가?”",2023.01.31.,http://sports.khan.co.kr/news/sk_index.html?art_id=202301311643003&sec_id=540301&pt=nv
오마이뉴스,[오마이포토] 'VIVIZ' 아는 척 그만!,2023.01.31.,https://www.ohmynews.com/NWS_Web/View/at_pg.aspx?CNTN_CD=A0002898935&CMPT_CD=P0010&utm_source=naver&utm_medium=newsearch&utm_campaign=naver_news
경향신문언론사 선정,‘노마스크 첫날’ 학교는···“그래도 쓸 것 같아요”,2023.01.30.,https://www.khan.co.kr/national/education/article/202301301305001
이데일리언론사 선정,"[르포]학교도 마스크 해제…""친구들 얼굴 봐서 좋아요""",2023.01.30.,http://www.edaily.co.kr/news/newspath.asp?newsid=02669926635482968
뉴스1,'마스크 벗고 수업',2023.01.30.,https://www.news1.kr/photos/view/?5809684
대한경제,"한국기술사회, 광진구에 새 둥지",2023.01.26.,https://www.dnews.co.kr/uhtml/view.jsp?idxno=202301261550477520137
MBC연예,"VIVIZ(비비지) ""나이에 딱 맞는 멋…MV로는 귀여운 복수""",2023.01.31.,http://enews.imbc.com/News/RetrieveNewsInfo/372174
연합뉴스,통학 차량은 마스크 착용 계속,2023.01.30.,https://www.yna.co.kr/view/PYH20230130014400013?input=1196m
뉴시스,실내 마스크 의무 착용 해제 수업시간 마스크 벗어요,2023.01.30.,http://www.newsis.com/view/?id=NISI20230130_0019726076
뉴스1,'마스크 해방',2023.01.30.,https://www.news1.kr/photos/view/?5809717
스포츠월드,"[SW포토]비비지,'여자친구 재결합, 조심스러워'",2023.01.31.,http://www.sportsworldi.com/newsView/20230131514486
스포츠월드,"[SW포토]비비지,'다양한 모습 보여 드리고파!'",2023.01.31.,http://www.sportsworldi.com/newsView/20230131514515
아시아경제,김경호 광진구청장 취약계층 공공요금 지원 추경 편성,2023.01.28.,https://view.asiae.co.kr/article/2023012808075490851
OSEN,"[사진]비비지 은하,'긴 머리로 이미지 변신'",2023.01.31.,http://www.osen.co.kr/article/G1112033443
YTN,"[Y현장] VIVIZ(비비지) 은하 ""긴머리로 이미지 변신...카리스마 봐주셨으면""",2023.01.31.,https://star.ytn.co.kr/_sn/0117_202301311638549702
스포츠동아,"여자친구 이젠 정말 안녕…20대 중반 비비지, 성숙미 물씬 ‘풀업’ (종합)[D...",2023.01.31.,https://sports.donga.com/article/all/20230131/117676944/1
일간스포츠,"비비지 은하 “긴 머리 도전, 카리스마 보여드리고 싶었다”",2023.01.31.,https://isplus.com/article/view/isp202301310145
S-저널,"광진구, 구청장이 직접 보고하는 '동 신년 사업보고회' 개최",2023.01.31.,https://www.s-journal.co.kr/news/articleView.html?idxno=14362
국제뉴스,"광진구, 복지상담 전담 '원스톱 복지콜센터' 운영",2023.01.25.,https://www.gukjenews.com/news/articleView.html?idxno=2641509
국제뉴스,"[GJ포토] VIVIZ(비비지), '완전 예쁜 여신 3인방'",2023.01.31.,https://www.gukjenews.com/news/articleView.html?idxno=2645435
국제뉴스,"[GJ포토] 비비지 신비, '존재감 뽐내는 미모'",2023.01.31.,https://www.gukjenews.com/news/articleView.html?idxno=2645530
국제뉴스,"[GJ포토] 비비지 신비, '돋보이는 신곡 무대'",2023.01.31.,https://www.gukjenews.com/news/articleView.html?idxno=2645538
국제뉴스,"[GJ포토] 비비지 신비, ''베리어스 대박나라!'",2023.01.31.,https://www.gukjenews.com/news/articleView.html?idxno=2645536
뉴스1,광진구 원스톱 복지콜센터 운영…위기가구 신속 지원한다,2023.01.25.,https://www.news1.kr/articles/4933211
뉴스1,"'컴백' 비비지 "" 신곡 '풀 업', 중독적이고 귀 사로잡는 곡"" [N현장]",2023.01.31.,https://www.news1.kr/articles/4939149
아시아경제언론사 선정,오늘부터 실내 마스크 착용 의무 해제…학교·학원은 여전히 ‘혼란’,2023.01.30.,https://view.asiae.co.kr/article/2023013010233105690
티브이데일리,[TD포토+] 비비지 은하 '눈 뗄 수 없는 아름다움',2023.01.31.,http://www.tvdaily.co.kr/read.php3?aid=16751501981666406017
서울와이어,"[포토] 비비지, ""저희 무대 기대해주세요""",2023.01.31.,http://www.seoulwire.com/news/articleView.html?idxno=493176
서울와이어,"[포토] 비비지, 6개월 만에 'VarioUS'로 컴백",2023.01.31.,http://www.seoulwire.com/news/articleView.html?idxno=493175
뉴시스,수업시간 마스크 착용은 자율,2023.01.30.,http://www.newsis.com/view/?id=NISI20230130_0019726170
뉴시스,수업시간 마스크 착용은 자율,2023.01.30.,http://www.newsis.com/view/?id=NISI20230130_0019726183
뉴시스,수업시간 마스크 착용은 자율,2023.01.30.,http://www.newsis.com/view/?id=NISI20230130_0019726184
뉴시스,수업시간 마스크 착용은 자율,2023.01.30.,http://www.newsis.com/view/?id=NISI20230130_0019726173
뉴시스,수업시간 마스크 착용은 자율,2023.01.30.,http://www.newsis.com/view/?id=NISI20230130_0019726172
연합뉴스,"비비지, 미니음반 '베리어스'(VarioUS) 발매 기념 쇼케이스",2023.01.31.,https://www.yna.co.kr/view/PYH20230131186600005?input=1196m
연합뉴스,"비비지, 미니음반 '베리어스'(VarioUS) 발매 기념 쇼케이스",2023.01.31.,https://www.yna.co.kr/view/PYH20230131186700005?input=1196m
위키트리,“8주년 여자친구 재결합?”... 비비지 “'VarioUS'는 다양한 색깔 담은 앨범...,2023.01.31.,https://www.wikitree.co.kr/articles/827432
조이뉴스24,"비비지 ""여자친구 연장선 아냐…재결합 조심스러워""",2023.01.31.,http://www.joynews24.com/view/1562627
서울경제,"""남 신경 쓰지 마""…비비지, 여자친구 넘어 8년 내공 담은 카리스마(종합) [S...",2023.01.31.,https://www.sedaily.com/NewsView/29KOU0Q443
스포츠동아,"비비지, 포인트 안무로 [포토]",2023.01.31.,https://sports.donga.com/article/all/20230131/117676437/1
CBC뉴스,"[포토씨] 비비지(VIVIZ), 시크한 카리스마 ('VarioUS' 쇼케이스)",2023.01.31.,http://www.cbci.co.kr/news/articleView.html?idxno=437886
엑스포츠뉴스,"'컴백' 비비지, 청순돌 지운 '풀 업'…블랙 시크+카리스마 장착 [종합]",2023.01.31.,https://www.xportsnews.com/article/1682763
OSEN,"“올해 목표=비비지 이름 각인” 비비지, 다채로운 매력으로 컴백 (종합)[Oh!...",2023.01.31.,http://www.osen.co.kr/article/G1112033478
스포츠투데이,"'데뷔 1년' 비비지 ""비지한 활동으로 이름 석자 각인시킬 것"" [종합]",2023.01.31.,http://www.stoo.com/article.php?aid=85170478678
한겨레언론사 선정,마스크 벗은 초2 “처음 본 친구 표정^^ 부끄럽고 기분 좋아”,2023.01.30.,https://www.hani.co.kr/arti/society/schooling/1077519.html
이데일리,"[포토]비비지, 완벽한 안무",2023.01.31.,http://starin.edaily.co.kr/news/newspath.asp?newsid=01351366635483296
전국매일신문,"광진구, 수의사 2명 이상 동물병원 진료비용 게시 의무화",2023.01.27.,https://www.jeonmae.co.kr/news/articleView.html?idxno=936963
일간스포츠,[포토] 비비지 '발랄한 미녀 삼총사',2023.01.31.,https://isplus.com/article/view/isp202301310157
이데일리,"[포토]비비지, 완벽한 호흡",2023.01.31.,http://starin.edaily.co.kr/news/newspath.asp?newsid=01338246635483296
MBC연예,"[포토] 비비지 은하, 하얀 나비",2023.01.31.,http://enews.imbc.com/News/RetrieveNewsInfo/372178
이데일리,[포토]마스크 벗고 수업듣는 학생,2023.01.30.,http://www.edaily.co.kr/news/newspath.asp?newsid=02305846635482968
이데일리,[포토]실내 마스크 의무 착용 해제,2023.01.30.,http://www.edaily.co.kr/news/newspath.asp?newsid=02417366635482968
이데일리,"[포토]비비지, 가릴 수 없는 미모",2023.01.31.,http://starin.edaily.co.kr/news/newspath.asp?newsid=01348086635483296
세계일보,[포토] 비비지 신비 '화려한 손짓',2023.01.31.,http://www.segye.com/content/html/2023/01/31/20230131513746.html?OutUrl=naver
이데일리,"[포토]엄지, 비비지 막내의 미모",2023.01.31.,http://starin.edaily.co.kr/news/newspath.asp?newsid=01374326635483296
세계일보,[포토] 비비지 은하 '완벽한 미모',2023.01.31.,http://www.segye.com/content/html/2023/01/31/20230131514123.html?OutUrl=naver
이데일리,"[포토]비비지, 흐트럼 없는 안무",2023.01.31.,http://starin.edaily.co.kr/news/newspath.asp?newsid=01341526635483296
이데일리,"[포토]비비지, 중독성 강한 '풀 업'",2023.01.31.,http://starin.edaily.co.kr/news/newspath.asp?newsid=01318566635483296
이데일리,[포토]베리어스로 돌아온 비비지,2023.01.31.,http://starin.edaily.co.kr/news/newspath.asp?newsid=01295606635483296
세계일보,[포토] 비비지 '오늘 컴백했어요!',2023.01.31.,http://www.segye.com/content/html/2023/01/31/20230131512667.html?OutUrl=naver
세계일보,[포토] 비비지 엄지 '물오른 미모',2023.01.31.,http://www.segye.com/content/html/2023/01/31/20230131514245.html?OutUrl=naver
세계일보,[포토] 비비지 은하 '하트 여신',2023.01.31.,http://www.segye.com/content/html/2023/01/31/20230131514438.html?OutUrl=naver
스포츠동아,비비지 컴백 소감 “새로운 모습 보여드릴 수 있어 좋아”,2023.01.31.,https://sports.donga.com/article/all/20230131/117676002/1
세계일보,[포토] 비비지 '사랑스런 꽃받침',2023.01.31.,http://www.segye.com/content/html/2023/01/31/20230131514584.html?OutUrl=naver
세계일보,[포토] 비비지 '깜찍한 브이 포즈',2023.01.31.,http://www.segye.com/content/html/2023/01/31/20230131514547.html?OutUrl=naver
서울신문,"광진, 에너지 약자 위해 1억 5800만원 추경 편성",2023.01.30.,https://www.seoul.co.kr/news/newsView.php?id=20230130010004&wlog_tag3=naver
이투데이,[포토] '마스크 벗고 대화하는 학생들',2023.01.30.,https://www.etoday.co.kr/news/view/2216706
헤럴드POP,"[포토]은하, 예쁜 볼하트",2023.01.31.,http://biz.heraldcorp.com/view.php?ud=202301311621512846209_1
헤럴드POP,"[포토]은하, 비비지의 V",2023.01.31.,http://biz.heraldcorp.com/view.php?ud=202301311623412869187_1
서울경제,"비비지 엄지, 도도한 고양이 눈빛 [SE★포토]",2023.01.31.,https://www.sedaily.com/NewsView/29KOTD8C3B
오마이뉴스,"[오마이포토] 'VIVIZ' 신비, 도도한 시크 카리스마",2023.01.31.,https://www.ohmynews.com/NWS_Web/View/at_pg.aspx?CNTN_CD=A0002898929&CMPT_CD=P0010&utm_source=naver&utm_medium=newsearch&utm_campaign=naver_news
TBS,"서울 광진구, 자립준비청년 임차료·정착금 추가 지원",2023.01.26.,http://tbs.seoul.kr/news/newsView.do?typ_800=7&idx_800=3488328&seq_800=20481035
뉴시스,수업시간 마스크 착용은 자율,2023.01.30.,http://www.newsis.com/view/?id=NISI20230130_0019726087
국제뉴스,"광진구, 동물병원 10곳에 진료비 게시 의무화 시행",2023.01.27.,https://www.gukjenews.com/news/articleView.html?idxno=2643040
파이낸셜뉴스언론사 선정,실내 마스크 의무 착용 해제,2023.01.30.,http://www.fnnews.com/news/202301301030126796
YTN,"[Y현장] VIVIZ(비비지) ""여자친구 재결합? 조심스러워...언젠가 다시 모일 것...",2023.01.31.,https://star.ytn.co.kr/_sn/0117_202301311650511809
열린뉴스통신,"광진구, '군자동 신년 사업보고회' 개최…15개 동 일정 이어나가",2023.01.30.,https://www.onews.tv/news/articleView.html?idxno=152709
머니S,"[머니S포토] 비비지 신비, 계묘년 컴백 당찬 손인사",2023.01.31.,http://moneys.mt.co.kr/news/mwView.php?no=2023013117524368197
뉴스1,광진구 찜질방 건물 지하서 화재… 120명 대피 소동,2023.01.23.,https://www.news1.kr/articles/4932179
TBS,"서울 광진구, 자립준비청년 임차료·정착금 추가 지원",2023.01.26.,http://tbs.seoul.kr/news/newsView.do?typ_800=7&idx_800=3488328&seq_800=20481035
뉴시스,실내 마스크 의무 착용 자율,2023.01.30.,http://www.newsis.com/view/?id=NISI20230130_0019726095
국제뉴스,"광진구, 동물병원 10곳에 진료비 게시 의무화 시행",2023.01.27.,https://www.gukjenews.com/news/articleView.html?idxno=2643040
파이낸셜뉴스언론사 선정,실내 마스크 의무 착용 해제,2023.01.30.,http://www.fnnews.com/news/202301301030126796
YTN,"[Y현장] VIVIZ(비비지) ""여자친구 재결합? 조심스러워...언젠가 다시 모일 것...",2023.01.31.,https://star.ytn.co.kr/_sn/0117_202301311650511809
열린뉴스통신,"광진구, '군자동 신년 사업보고회' 개최…15개 동 일정 이어나가",2023.01.30.,https://www.onews.tv/news/articleView.html?idxno=152709
머니S,"[머니S포토] 비비지 신비, 계묘년 컴백 당찬 손인사",2023.01.31.,http://moneys.mt.co.kr/news/mwView.php?no=2023013117524368197
서울경제,"비비지 신비·은하, 투은비의 완벽한 합 [SE★포토]",2023.01.31.,https://www.sedaily.com/NewsView/29KOTIKXJE
뉴스1,광진구 찜질방 건물 지하서 화재… 120명 대피 소동,2023.01.23.,https://www.news1.kr/articles/4932179
국민일보언론사 선정,“35만원하던 가스요금이 70만원! 장사 너무 힘들어요”,2023.01.31.,https://news.kmib.co.kr/article/view.asp?arcid=0017914215&code=61141611&cp=nv
서울신문,광진구 “안심하고 반려동물 치료하세요”,2023.01.27.,https://www.seoul.co.kr/news/newsView.php?id=20230127500055&wlog_tag3=naver
뉴스1,광진구 찜질방 건물 지하서 화재… 120명 대피 소동,2023.01.23.,https://www.news1.kr/articles/4932179
뉴시스,학교 수업시간 마스크 착용은 자율,2023.01.30.,http://www.newsis.com/view/?id=NISI20230130_0019726075
국민일보언론사 선정,“35만원하던 가스요금이 70만원! 장사 너무 힘들어요”,2023.01.31.,https://news.kmib.co.kr/article/view.asp?arcid=0017914215&code=61141611&cp=nv
MBC연예,"[포토] 비비지 엄지-신비-은하, '풀 업' 미모",2023.01.31.,http://enews.imbc.com/News/RetrieveNewsInfo/372169
이데일리,"[포토]신비, 비비지 리더의 미모",2023.01.31.,http://starin.edaily.co.kr/news/newspath.asp?newsid=01371046635483296
MBC연예,"""여자친구 재결합?"" 묻자 비비지 엄지·신비·은하가 내놓은 답",2023.01.31.,http://enews.imbc.com/News/RetrieveNewsInfo/372180
엑스포츠뉴스,비비지(VIVIZ) 은하 'So Special' 쇼케이스 무대[엑's 영상],2023.01.31.,https://www.xportsnews.com/article/1682883
머니S,"[머니S포토] 돌아온 비비지, 8년차 아이돌 치명적 성숙美",2023.01.31.,http://moneys.mt.co.kr/news/mwView.php?no=2023013117232694072
서울경제,"비비지 엄지, 여기서 제일 예쁜 사람이 누구야? [SE★포토]",2023.01.31.,https://www.sedaily.com/NewsView/29KOTQBS5S
머니S,"[머니S포토] 비비지, 다양한 매력담은 미니3집 베리어스",2023.01.31.,http://moneys.mt.co.kr/news/mwView.php?no=2023013117290784002
텐아시아,"비비지 ""우리는 여자친구 연장선 아냐, 여자친구 재결합은 아직""",2023.01.31.,https://tenasia.hankyung.com/music/article/2023013151794
서울경제,"비비지 엄지, 여기서 제일 예쁜 사람이 누구야? [SE★포토]",2023.01.31.,https://www.sedaily.com/NewsView/29KOTQBS5S
스포츠월드,[SW포토]비비지 컴백 쇼케이스,2023.01.31.,http://www.sportsworldi.com/newsView/20230131514249
스포츠경향,"비비지 은하 “긴 머리 변신, 이런 카리스마가?”",2023.01.31.,http://sports.khan.co.kr/news/sk_index.html?art_id=202301311643003&sec_id=540301&pt=nv
한강타임즈,"광진구, '깜깜이' 동물병원 진료비 게시 의무화 적용",2023.01.27.,http://www.hg-times.com/news/articleView.html?idxno=250212
뉴스1,실내마스크 없이 진행되는 수업,2023.01.30.,https://www.news1.kr/photos/view/?5809674
오마이뉴스,[오마이포토] 'VIVIZ' 아는 척 그만!,2023.01.31.,https://www.ohmynews.com/NWS_Web/View/at_pg.aspx?CNTN_CD=A0002898935&CMPT_CD=P0010&utm_source=naver&utm_medium=newsearch&utm_campaign=naver_news
경향신문언론사 선정,‘노마스크 첫날’ 학교는···“그래도 쓸 것 같아요”,2023.01.30.,https://www.khan.co.kr/national/education/article/202301301305001
이데일리언론사 선정,"[르포]학교도 마스크 해제…""친구들 얼굴 봐서 좋아요""",2023.01.30.,http://www.edaily.co.kr/news/newspath.asp?newsid=02669926635482968
스포츠경향,"비비지 은하 “긴 머리 변신, 이런 카리스마가?”",2023.01.31.,http://sports.khan.co.kr/news/sk_index.html?art_id=202301311643003&sec_id=540301&pt=nv
한국일보,"은하 ""비비지, 여자친구 연장선 아냐""...재결합 질문에 밝힌 속내",2023.01.31.,https://hankookilbo.com/News/Read/A2023013116490002728?did=NA
한강타임즈,"광진구, '깜깜이' 동물병원 진료비 게시 의무화 적용",2023.01.27.,http://www.hg-times.com/news/articleView.html?idxno=250212
머니S,"[머니S포토] 비비지 은하, 여신미모 뽐내며 러블리 매력 '폴폴'",2023.01.31.,http://moneys.mt.co.kr/news/mwView.php?no=2023013117492015312
뉴스1,실내마스크 없이 진행되는 수업,2023.01.30.,https://www.news1.kr/photos/view/?5809674
스포츠월드,"[SW포토]비비지,'나비 있어 힘나요!'",2023.01.31.,http://www.sportsworldi.com/newsView/20230131514760
오마이뉴스,[오마이포토] 'VIVIZ' 아는 척 그만!,2023.01.31.,https://www.ohmynews.com/NWS_Web/View/at_pg.aspx?CNTN_CD=A0002898935&CMPT_CD=P0010&utm_source=naver&utm_medium=newsearch&utm_campaign=naver_news
경향신문언론사 선정,‘노마스크 첫날’ 학교는···“그래도 쓸 것 같아요”,2023.01.30.,https://www.khan.co.kr/national/education/article/202301301305001
이데일리언론사 선정,"[르포]학교도 마스크 해제…""친구들 얼굴 봐서 좋아요""",2023.01.30.,http://www.edaily.co.kr/news/newspath.asp?newsid=02669926635482968
MBC언론사 선정,서울 광진구 구의동의 찜질방 건물 지하에서 불‥120명 대피,2023.01.23.,https://imnews.imbc.com/news/2023/society/article/6448093_36126.html
스포츠월드,[SW포토]비비지 엄지의 더블브이,2023.01.31.,http://www.sportsworldi.com/newsView/20230131514152
이데일리언론사 선정,"[르포]학교도 마스크 해제…""친구들 얼굴 봐서 좋아요""",2023.01.30.,http://www.edaily.co.kr/news/newspath.asp?newsid=02669926635482968
서울경제,"비비지 ""여자친구 8주년 감회 새로워…언젠가 재결합할 수도"" [SE★현장]",2023.01.31.,https://www.sedaily.com/NewsView/29KOTD9T6W
MBC언론사 선정,서울 광진구 구의동의 찜질방 건물 지하에서 불‥120명 대피,2023.01.23.,https://imnews.imbc.com/news/2023/society/article/6448093_36126.html
머니S,"[머니S포토] 비비지 ""여자친구와는 달라…기존과 다른매력 발산""",2023.01.31.,http://moneys.mt.co.kr/news/mwView.php?no=2023013117354625034
뉴스1,학교 수업도 마스크로부터 자유롭게,2023.01.30.,https://www.news1.kr/photos/view/?5809711
뉴스1,'마스크 벗고 수업',2023.01.30.,https://www.news1.kr/photos/view/?5809684
대한경제,"한국기술사회, 광진구에 새 둥지",2023.01.26.,https://www.dnews.co.kr/uhtml/view.jsp?idxno=202301261550477520137
오마이뉴스,[오마이포토] 'VIVIZ' BUSY하게 살고싶어!,2023.01.31.,https://www.ohmynews.com/NWS_Web/View/at_pg.aspx?CNTN_CD=A0002898938&CMPT_CD=P0010&utm_source=naver&utm_medium=newsearch&utm_campaign=naver_news
MBC연예,"VIVIZ(비비지) ""나이에 딱 맞는 멋…MV로는 귀여운 복수""",2023.01.31.,http://enews.imbc.com/News/RetrieveNewsInfo/372174
뉴스1,'마스크 벗고 수업',2023.01.30.,https://www.news1.kr/photos/view/?5809684
스포츠월드,"[SW포토]비비지,'베리어스 쇼케이스'",2023.01.31.,http://www.sportsworldi.com/newsView/20230131514195
대한경제,"한국기술사회, 광진구에 새 둥지",2023.01.26.,https://www.dnews.co.kr/uhtml/view.jsp?idxno=202301261550477520137
오마이뉴스,[오마이포토] 'VIVIZ' 짜릿한 카타르시스,2023.01.31.,https://www.ohmynews.com/NWS_Web/View/at_pg.aspx?CNTN_CD=A0002898937&CMPT_CD=P0010&utm_source=naver&utm_medium=newsearch&utm_campaign=naver_news
MBC연예,"VIVIZ(비비지) ""나이에 딱 맞는 멋…MV로는 귀여운 복수""",2023.01.31.,http://enews.imbc.com/News/RetrieveNewsInfo/372174
시사매거진,"광진구, 보호종료아동에게 임차료ㆍ자립정착금 지원",2023.01.26.,https://www.sisamagazine.co.kr/news/articleView.html?idxno=480959
일간스포츠,"“여자친구 연장선 NO!”…비비지, 카리스마 담고 ‘풀업’ 컴백 [종합]",2023.01.31.,https://isplus.com/article/view/isp202301310180
스포츠투데이,"비비지, 여자친구 재결합 질문에 난색 ""셋의 의견이 전체일 수 없어""",2023.01.31.,http://www.stoo.com/article.php?aid=85169998810
연합뉴스,통학 차량은 마스크 착용 계속,2023.01.30.,https://www.yna.co.kr/view/PYH20230130014300013?input=1196m
뉴시스,실내 마스크 의무 착용 해제 수업시간 마스크 벗어요,2023.01.30.,http://www.newsis.com/view/?id=NISI20230130_0019726076
스포츠월드,[SW포토]비비지 신비의 신비로운 눈빛,2023.01.31.,http://www.sportsworldi.com/newsView/20230131513984
MBC연예,"VIVIZ(비비지) ""나이에 딱 맞는 멋…MV로는 귀여운 복수""",2023.01.31.,http://enews.imbc.com/News/RetrieveNewsInfo/372174
시사매거진,"광진구, 보호종료아동에게 임차료ㆍ자립정착금 지원",2023.01.26.,https://www.sisamagazine.co.kr/news/articleView.html?idxno=480959
일간스포츠,"“여자친구 연장선 NO!”…비비지, 카리스마 담고 ‘풀업’ 컴백 [종합]",2023.01.31.,https://isplus.com/article/view/isp202301310180
스포츠투데이,"비비지, 여자친구 재결합 질문에 난색 ""셋의 의견이 전체일 수 없어""",2023.01.31.,http://www.stoo.com/article.php?aid=85169998810
연합뉴스,통학 차량은 마스크 착용 계속,2023.01.30.,https://www.yna.co.kr/view/PYH20230130014400013?input=1196m
뉴시스,실내 마스크 의무 착용 해제 수업시간 마스크 벗어요,2023.01.30.,http://www.newsis.com/view/?id=NISI20230130_0019726076
머니S,"[머니S포토] 컴백 비비지, ""금세 성장…우리만의 색 찾았다는 걸 느껴""",2023.01.31.,http://moneys.mt.co.kr/news/mwView.php?no=2023013117310529688
TV리포트,[T포토] 신비 '음색 여신',2023.01.31.,https://www.tvreport.co.kr/2131157
티브이데일리,[TD포토+] 비비지 '비주얼 성수기~',2023.01.31.,http://www.tvdaily.co.kr/read.php3?aid=16751498911666405017
연합뉴스,통학 차량은 마스크 착용 계속,2023.01.30.,https://www.yna.co.kr/view/PYH20230130014500013?input=1196m
뉴시스,실내 마스크 의무 착용 해제 수업시간 마스크 벗어요,2023.01.30.,http://www.newsis.com/view/?id=NISI20230130_0019726076
머니S,"[머니S포토] 컴백 비비지, ""금세 성장…우리만의 색 찾았다는 걸 느껴""",2023.01.31.,http://moneys.mt.co.kr/news/mwView.php?no=2023013117310529688
TV리포트,[T포토] 신비 '음색 여신',2023.01.31.,https://www.tvreport.co.kr/2131157
티브이데일리,[TD포토+] 비비지 '비주얼 성수기~',2023.01.31.,http://www.tvdaily.co.kr/read.php3?aid=16751498911666405017
스포츠월드,"[SW포토]비비지,'베리어스 컴벡 쇼케이스'",2023.01.31.,http://www.sportsworldi.com/newsView/20230131514401
신아일보,"광진구, '에너지 약자와 동행' 취약계층 대상 ‘공공요금 지원’ 추경 편성",2023.01.29.,http://www.shinailbo.co.kr/news/articleView.html?idxno=1654589
한강타임즈,"광진구, 보호종료아동 '임차료ㆍ자립정착금' 추가 지원",2023.01.26.,http://www.hg-times.com/news/articleView.html?idxno=250154
뉴스1,'마스크 해방',2023.01.30.,https://www.news1.kr/photos/view/?5809717
전자신문,"비비지, ""여자친구 재결합, 셋 의견이 대표가 될 수 없어""(VarioUS 쇼케)",2023.01.31.,https://www.etnews.com/20230131000276
서울와이어,"[포토] 비비지 은하, 상큼 가득",2023.01.31.,http://www.seoulwire.com/news/articleView.html?idxno=493170
스포츠월드,"[SW포토]비비지,'베리어스 컴벡 쇼케이스'",2023.01.31.,http://www.sportsworldi.com/newsView/20230131514401
신아일보,"광진구, '에너지 약자와 동행' 취약계층 대상 ‘공공요금 지원’ 추경 편성",2023.01.29.,http://www.shinailbo.co.kr/news/articleView.html?idxno=1654589
한강타임즈,"광진구, 보호종료아동 '임차료ㆍ자립정착금' 추가 지원",2023.01.26.,http://www.hg-times.com/news/articleView.html?idxno=250154
뉴시스,실내 마스크 의무 착용 해제 수업시간 마스크 착용은 자율,2023.01.30.,http://www.newsis.com/view/?id=NISI20230130_0019726090
뉴스1,'마스크 해방',2023.01.30.,https://www.news1.kr/photos/view/?5809717
전자신문,"비비지, ""여자친구 재결합, 셋 의견이 대표가 될 수 없어""(VarioUS 쇼케)",2023.01.31.,https://www.etnews.com/20230131000276
TV리포트,[T포토] 은하 '긴머리로 변신',2023.01.31.,https://www.tvreport.co.kr/2131158
티브이데일리,[TD포토+] 비비지 신비 '스며드는 매력',2023.01.31.,http://www.tvdaily.co.kr/read.php3?aid=16751507141666410017
아시아경제,김경호 광진구청장 취약계층 공공요금 지원 추경 편성,2023.01.28.,https://view.asiae.co.kr/article/2023012808075490851
뉴스1,'마스크 해방',2023.01.30.,https://www.news1.kr/photos/view/?5809717
전자신문,"비비지, ""여자친구 재결합, 셋 의견이 대표가 될 수 없어""(VarioUS 쇼케)",2023.01.31.,https://www.etnews.com/20230131000276
TV리포트,[T포토] 은하 '긴머리로 변신',2023.01.31.,https://www.tvreport.co.kr/2131158
티브이데일리,[TD포토+] 비비지 신비 '스며드는 매력',2023.01.31.,http://www.tvdaily.co.kr/read.php3?aid=16751507141666410017
서울와이어,[포토] 발언 중인 비비지의 신비,2023.01.31.,http://www.seoulwire.com/news/articleView.html?idxno=493178
스포츠월드,"[SW포토]비비지,'여자친구 재결합, 조심스러워'",2023.01.31.,http://www.sportsworldi.com/newsView/20230131514486
아시아경제,김경호 광진구청장 취약계층 공공요금 지원 추경 편성,2023.01.28.,https://view.asiae.co.kr/article/2023012808075490851
스포츠동아,"여자친구 이젠 정말 안녕…20대 중반 비비지, 성숙미 물씬 ‘풀업’ (종합)[D...",2023.01.31.,https://sports.donga.com/article/all/20230131/117676944/1
S-저널,"광진구, 구청장이 직접 보고하는 '동 신년 사업보고회' 개최",2023.01.31.,https://www.s-journal.co.kr/news/articleView.html?idxno=14362
국제뉴스,"광진구, 복지상담 전담 '원스톱 복지콜센터' 운영",2023.01.25.,https://www.gukjenews.com/news/articleView.html?idxno=2641509
서울와이어,[포토] 발언하고 있는 비비지 엄지,2023.01.31.,http://www.seoulwire.com/news/articleView.html?idxno=493179
스포츠월드,"[SW포토]비비지,'여자친구 재결합, 조심스러워'",2023.01.31.,http://www.sportsworldi.com/newsView/20230131514486
아시아경제,김경호 광진구청장 취약계층 공공요금 지원 추경 편성,2023.01.28.,https://view.asiae.co.kr/article/2023012808075490851
OSEN,"[사진]비비지 은하,'긴 머리로 이미지 변신'",2023.01.31.,http://www.osen.co.kr/article/G1112033443
스포츠동아,"여자친구 이젠 정말 안녕…20대 중반 비비지, 성숙미 물씬 ‘풀업’ (종합)[D...",2023.01.31.,https://sports.donga.com/article/all/20230131/117676944/1
S-저널,"광진구, 구청장이 직접 보고하는 '동 신년 사업보고회' 개최",2023.01.31.,https://www.s-journal.co.kr/news/articleView.html?idxno=14362
국제뉴스,"광진구, 복지상담 전담 '원스톱 복지콜센터' 운영",2023.01.25.,https://www.gukjenews.com/news/articleView.html?idxno=2641509
FPN,"한국기술사회, 서울 광진구로 사옥 이전",2023.01.28.,http://fpn119.co.kr/191550
국제뉴스,"[GJ포토] 비비지 엄지, '꽃 보다 예쁘죠?'",2023.01.31.,https://www.gukjenews.com/news/articleView.html?idxno=2645545
뉴스1,"'컴백' 비비지 ""새로운 느낌 많이 담아…열심히 준비"" [N현장]",2023.01.31.,https://www.news1.kr/articles/4939136
국제뉴스,"광진구, 복지상담 전담 '원스톱 복지콜센터' 운영",2023.01.25.,https://www.gukjenews.com/news/articleView.html?idxno=2641509
FPN,"한국기술사회, 서울 광진구로 사옥 이전",2023.01.28.,http://fpn119.co.kr/191550
국제뉴스,"[GJ포토] 비비지 엄지, '꽃 보다 예쁘죠?'",2023.01.31.,https://www.gukjenews.com/news/articleView.html?idxno=2645545
머니S,"[머니S포토] 비비지 엄지 ""이번 활동 통해 강렬 ·자신감 넘치는 모습 보이고...",2023.01.31.,http://moneys.mt.co.kr/news/mwView.php?no=2023013118000344550
뉴스1,"'컴백' 비비지 ""새로운 느낌 많이 담아…열심히 준비"" [N현장]",2023.01.31.,https://www.news1.kr/articles/4939136
TV리포트,[T포토] 신비 '카리스마 대폭발',2023.01.31.,https://www.tvreport.co.kr/2131168
이데일리언론사 선정,[단독]시세보다 1억 비싸게 통매입…주인은 ‘LH’ 였다,2023.01.31.,http://www.edaily.co.kr/news/newspath.asp?newsid=01111926635483296
뉴스1,실내마스크 의무 해제,2023.01.30.,https://www.news1.kr/photos/view/?5809688
티브이데일리,"""여자친구 연장선 아닌, 새 그룹"" 비비지, 존재감 각인시킨다 [종합]",2023.01.31.,http://www.tvdaily.co.kr/read.php3?aid=16751504051666407010
시민일보,"광진구, ‘생활권 내 위험 수목 정비’ 대상지 모집",2023.01.26.,https://www.siminilbo.co.kr/news/newsview.php?ncode=1160287742778736
TV리포트,[T포토] 신비 '카리스마 대폭발',2023.01.31.,https://www.tvreport.co.kr/2131168
이데일리언론사 선정,[단독]시세보다 1억 비싸게 통매입…주인은 ‘LH’ 였다,2023.01.31.,http://www.edaily.co.kr/news/newspath.asp?newsid=01111926635483296
뉴스1,실내마스크 의무 해제,2023.01.30.,https://www.news1.kr/photos/view/?5809688
티브이데일리,"""여자친구 연장선 아닌, 새 그룹"" 비비지, 존재감 각인시킨다 [종합]",2023.01.31.,http://www.tvdaily.co.kr/read.php3?aid=16751504051666407010
서울와이어,[포토] 컴백 소감 밝히는 비비지 은하,2023.01.31.,http://www.seoulwire.com/news/articleView.html?idxno=493180
시민일보,"광진구, ‘생활권 내 위험 수목 정비’ 대상지 모집",2023.01.26.,https://www.siminilbo.co.kr/news/newsview.php?ncode=1160287742778736
브릿지경제,"[액티브 시니어] 광진구, 만 65세이상 폐렴구균 백신 접종",2023.01.26.,https://www.viva100.com/main/view.php?key=20230127010006842
뉴스1,"마스크 벗고 쓰고, 자율에 맡겨진 학교",2023.01.30.,https://www.news1.kr/photos/view/?5809672
국제뉴스,"[GJ포토] 비비지 엄지, '비주얼이 넘버원!'",2023.01.31.,https://www.gukjenews.com/news/articleView.html?idxno=2645542
뉴스1,광진구 원스톱 복지콜센터 운영…위기가구 신속 지원한다,2023.01.25.,https://www.news1.kr/articles/4933211
위키트리,"비비지 엄지 ""타이틀곡 뮤비, 만족스럽지만..."" 진심 털어놨다 [wiki현장]",2023.01.31.,https://www.wikitree.co.kr/articles/827430
뉴스1,"마스크 벗고 쓰고, 자율에 맡겨진 학교",2023.01.30.,https://www.news1.kr/photos/view/?5809672
국제뉴스,"[GJ포토] 비비지 엄지, '비주얼이 넘버원!'",2023.01.31.,https://www.gukjenews.com/news/articleView.html?idxno=2645542
뉴스1,광진구 원스톱 복지콜센터 운영…위기가구 신속 지원한다,2023.01.25.,https://www.news1.kr/articles/4933211
뉴스1,"'컴백' 비비지 "" 신곡 '풀 업', 중독적이고 귀 사로잡는 곡"" [N현장]",2023.01.31.,https://www.news1.kr/articles/4939149
아시아경제언론사 선정,오늘부터 실내 마스크 착용 의무 해제…학교·학원은 여전히 ‘혼란’,2023.01.30.,https://view.asiae.co.kr/article/2023013010233105690
티브이데일리,[TD포토+] 비비지 은하 '눈 뗄 수 없는 아름다움',2023.01.31.,http://www.tvdaily.co.kr/read.php3?aid=16751501981666406017
조이뉴스24,"[포토]비비지 신비, 얼음공주 비주얼",2023.01.31.,http://www.joynews24.com/view/1562619
OSEN,"[사진]비비지 은하,'긴머리 변신! 사랑스럽게 찰랑'",2023.01.31.,http://www.osen.co.kr/article/G1112033453
텐아시아,"[종합] ""여자친구 연장선 아냐""…비비지, 본 적 없던 멋 '풀 업'으로 '각인' ...",2023.01.31.,https://tenasia.hankyung.com/music/article/2023013149644
뉴스1,광진구 원스톱 복지콜센터 운영…위기가구 신속 지원한다,2023.01.25.,https://www.news1.kr/articles/4933211
뉴스1,"'컴백' 비비지 "" 신곡 '풀 업', 중독적이고 귀 사로잡는 곡"" [N현장]",2023.01.31.,https://www.news1.kr/articles/4939149
아시아경제언론사 선정,오늘부터 실내 마스크 착용 의무 해제…학교·학원은 여전히 ‘혼란’,2023.01.30.,https://view.asiae.co.kr/article/2023013010233105690
티브이데일리,[TD포토+] 비비지 은하 '눈 뗄 수 없는 아름다움',2023.01.31.,http://www.tvdaily.co.kr/read.php3?aid=16751501981666406017
서울와이어,"[포토] 비비지, ""저희 무대 기대해주세요""",2023.01.31.,http://www.seoulwire.com/news/articleView.html?idxno=493176
조이뉴스24,"[포토]비비지 신비, 얼음공주 비주얼",2023.01.31.,http://www.joynews24.com/view/1562619
OSEN,"[사진]비비지 은하,'긴머리 변신! 사랑스럽게 찰랑'",2023.01.31.,http://www.osen.co.kr/article/G1112033453
텐아시아,"[종합] ""여자친구 연장선 아냐""…비비지, 본 적 없던 멋 '풀 업'으로 '각인' ...",2023.01.31.,https://tenasia.hankyung.com/music/article/2023013149644
한국일보,"""가사 버거웠다""...비비지, 그럼에도 '변신'한 이유 [종합]",2023.01.31.,https://hankookilbo.com/News/Read/A2023013115550000374?did=NA
OSEN,비비지 “여자친구 재결합? 각자의 자리서 열심히..언젠가 다시 모일 것” [O...,2023.01.31.,http://www.osen.co.kr/article/G1112033496
OSEN,비비지 “여자친구 재결합? 각자의 자리서 열심히..언젠가 다시 모일 것” [O...,2023.01.31.,http://www.osen.co.kr/article/G1112033496
스포츠동아,"비비지, VarioUS [포토]",2023.01.31.,https://sports.donga.com/article/all/20230131/117676587/1
이데일리,[포토]매혹적인 V,2023.01.31.,http://starin.edaily.co.kr/news/newspath.asp?newsid=01289046635483296
한국경제,"'컴백' 비비지 ""우리 나이에 소화할 수 있는 멋 앨범에 담아""",2023.01.31.,https://www.hankyung.com/entertainment/article/202301314971H
국제뉴스,"[GJ포토] VIVIZ(비비지), '컴백은 언제나 즐거워~'",2023.01.31.,https://www.gukjenews.com/news/articleView.html?idxno=2645407
뉴스1,실내마스크 착용 의무 해제된 학교,2023.01.30.,https://www.news1.kr/photos/view/?5809670
뉴스1,"'컴백' 비비지 엄지 ""'풀 업' MV, 찍을 때는 물론 결과물도 만족"" [N현장]",2023.01.31.,https://www.news1.kr/articles/4939156
스포츠동아,비비지의 V [포토],2023.01.31.,https://sports.donga.com/article/all/20230131/117676408/1
헤럴드POP,"[포토]비비지, '풀업' 대박예감",2023.01.31.,http://biz.heraldcorp.com/view.php?ud=202301311643443056819_1
뉴시스,수업시간 마스크 착용은 자율,2023.01.30.,http://www.newsis.com/view/?id=NISI20230130_0019726174
뉴스1,"'컴백' 비비지 엄지 ""'풀 업' MV, 찍을 때는 물론 결과물도 만족"" [N현장]",2023.01.31.,https://www.news1.kr/articles/4939156
스포츠동아,비비지의 V [포토],2023.01.31.,https://sports.donga.com/article/all/20230131/117676408/1
헤럴드POP,"[포토]비비지, '풀업' 대박예감",2023.01.31.,http://biz.heraldcorp.com/view.php?ud=202301311643443056819_1
스포츠동아,"20대 중반 된 비비지 “시크하고 강하게, ‘멋짐’ 담았다”",2023.01.31.,https://sports.donga.com/article/all/20230131/117676177/1
뉴시스,수업시간 마스크 착용은 자율,2023.01.30.,http://www.newsis.com/view/?id=NISI20230130_0019726174
연합뉴스,"비비지, 미니음반 '베리어스'(VarioUS) 발매 기념 쇼케이스",2023.01.31.,https://www.yna.co.kr/view/PYH20230131186600005?input=1196m
위키트리,“8주년 여자친구 재결합?”... 비비지 “'VarioUS'는 다양한 색깔 담은 앨범...,2023.01.31.,https://www.wikitree.co.kr/articles/827432
조이뉴스24,"비비지 ""여자친구 연장선 아냐…재결합 조심스러워""",2023.01.31.,http://www.joynews24.com/view/1562627
스포츠경향,“콘셉트 한계 無” 이번 비비지는 블랙[스경X현장],2023.01.31.,http://sports.khan.co.kr/news/sk_index.html?art_id=202301311717003&sec_id=540301&pt=nv
뉴스1,실내 마스크 의무 해제 첫 날 학교는,2023.01.30.,https://www.news1.kr/photos/view/?5809691
뉴시스,수업시간 마스크 착용은 자율,2023.01.30.,http://www.newsis.com/view/?id=NISI20230130_0019726170
연합뉴스,"비비지, 미니음반 '베리어스'(VarioUS) 발매 기념 쇼케이스",2023.01.31.,https://www.yna.co.kr/view/PYH20230131186700005?input=1196m
위키트리,“8주년 여자친구 재결합?”... 비비지 “'VarioUS'는 다양한 색깔 담은 앨범...,2023.01.31.,https://www.wikitree.co.kr/articles/827432
조이뉴스24,"비비지 ""여자친구 연장선 아냐…재결합 조심스러워""",2023.01.31.,http://www.joynews24.com/view/1562627
스포츠경향,“콘셉트 한계 無” 이번 비비지는 블랙[스경X현장],2023.01.31.,http://sports.khan.co.kr/news/sk_index.html?art_id=202301311717003&sec_id=540301&pt=nv
뉴스1,실내 마스크 의무 해제 첫 날 학교는,2023.01.30.,https://www.news1.kr/photos/view/?5809691
국제뉴스,"[GJ포토] 비비지 은하, '나비에게 보내는 볼하트♥'",2023.01.31.,https://www.gukjenews.com/news/articleView.html?idxno=2645551
스포티비뉴스,"비비지 ""여자친구 재결합? 답변 조심스럽지만…언젠간 할 것""",2023.01.31.,https://www.spotvnews.co.kr/news/articleView.html?idxno=583278
머니S,"대웅제약, 나보타 활용 복합 미용성형 시술법 소개",2023.01.30.,http://moneys.mt.co.kr/news/mwView.php?no=2023013009210157039
잡포스트,"개정 수의사법 시행, 광진구 동물병원 진료비 게시 의무화 적용",2023.01.27.,https://www.job-post.co.kr/news/articleView.html?idxno=68206
서울경제,"""남 신경 쓰지 마""…비비지, 여자친구 넘어 8년 내공 담은 카리스마(종합) [S...",2023.01.31.,https://www.sedaily.com/NewsView/29KOU0Q443
스포츠경향,“콘셉트 한계 無” 이번 비비지는 블랙[스경X현장],2023.01.31.,http://sports.khan.co.kr/news/sk_index.html?art_id=202301311717003&sec_id=540301&pt=nv
뉴스1,학교도 실내 마스크 의무 착용 해제,2023.01.30.,https://www.news1.kr/photos/view/?5809679
국제뉴스,"[GJ포토] 비비지 은하, '나비에게 보내는 볼하트♥'",2023.01.31.,https://www.gukjenews.com/news/articleView.html?idxno=2645551
스포티비뉴스,"비비지 ""여자친구 재결합? 답변 조심스럽지만…언젠간 할 것""",2023.01.31.,https://www.spotvnews.co.kr/news/articleView.html?idxno=583278
머니S,"대웅제약, 나보타 활용 복합 미용성형 시술법 소개",2023.01.30.,http://moneys.mt.co.kr/news/mwView.php?no=2023013009210157039
잡포스트,"개정 수의사법 시행, 광진구 동물병원 진료비 게시 의무화 적용",2023.01.27.,https://www.job-post.co.kr/news/articleView.html?idxno=68206
티브이데일리,[TD포토+] 비비지 '블랙홀 처럼 빠져드는 매력적인 무대',2023.01.31.,http://www.tvdaily.co.kr/read.php3?aid=16751521191666419017
전자신문,'마스크 벗어도 돼요',2023.01.30.,https://www.etnews.com/20230130000054
직썰,"KT, AI 운송 플랫폼 '리스포' 이용해 롯데온과 물류 혁신 협업",2023.01.31.,https://www.ziksir.com/news/articleView.html?idxno=33277
전자신문,'마스크 벗어도 돼요',2023.01.30.,https://www.etnews.com/20230130000054
직썰,"KT, AI 운송 플랫폼 '리스포' 이용해 롯데온과 물류 혁신 협업",2023.01.31.,https://www.ziksir.com/news/articleView.html?idxno=33277
티브이데일리,"[TD영상] 비비지, '여자친구 8주년' 소감은?",2023.01.31.,http://www.tvdaily.co.kr/read.php3?aid=16751608371666431003
이데일리,[포토]포즈 취하는 신비,2023.01.31.,http://starin.edaily.co.kr/news/newspath.asp?newsid=01367766635483296
서울신문언론사 선정,“노마스크 떨리지만 상쾌” “혼자만 벗으려니 민망해”,2023.01.30.,https://www.seoul.co.kr/news/newsView.php?id=20230131009010&wlog_tag3=naver
이데일리,"[포토]비비지 엄지, 브이~",2023.01.31.,http://starin.edaily.co.kr/news/newspath.asp?newsid=01377606635483296
스포티비뉴스,"비비지 ""신곡 '풀업' MV, 수군대는 사람들에 대한 귀여운 복수""",2023.01.31.,https://www.spotvnews.co.kr/news/articleView.html?idxno=583269
스포츠동아,"비비지, 강렬한 컴백 [포토]",2023.01.31.,https://sports.donga.com/article/all/20230131/117676573/1
이데일리,[포토]마스크 벗고 질문,2023.01.30.,http://www.edaily.co.kr/news/newspath.asp?newsid=02420646635482968
스포츠동아,"비비지, 여전한 귀여움 [포토]",2023.01.31.,https://sports.donga.com/article/all/20230131/117676469/1
스포츠동아,"비비지, 오늘은 흰색 [포토]",2023.01.31.,https://sports.donga.com/article/all/20230131/117676398/1
이데일리,[포토]마스크 벗고 질문,2023.01.30.,http://www.edaily.co.kr/news/newspath.asp?newsid=02420646635482968
스포츠동아,"비비지, 여전한 귀여움 [포토]",2023.01.31.,https://sports.donga.com/article/all/20230131/117676469/1
이데일리,[포토]매혹적인 비비지,2023.01.31.,http://starin.edaily.co.kr/news/newspath.asp?newsid=01292326635483296
스포츠경향,"비비지 엄지 “시크X강렬 비비지, 메인 컬러도 블랙”",2023.01.31.,http://sports.khan.co.kr/news/sk_index.html?art_id=202301311644003&sec_id=540301&pt=nv
스포츠동아,"비비지, 포인트 안무로 [포토]",2023.01.31.,https://sports.donga.com/article/all/20230131/117676437/1
CBC뉴스,"[포토씨] 비비지(VIVIZ), 시크한 카리스마 ('VarioUS' 쇼케이스)",2023.01.31.,http://www.cbci.co.kr/news/articleView.html?idxno=437886
엑스포츠뉴스,"'컴백' 비비지, 청순돌 지운 '풀 업'…블랙 시크+카리스마 장착 [종합]",2023.01.31.,https://www.xportsnews.com/article/1682763
OSEN,"“올해 목표=비비지 이름 각인” 비비지, 다채로운 매력으로 컴백 (종합)[Oh!...",2023.01.31.,http://www.osen.co.kr/article/G1112033478
스포츠투데이,"'데뷔 1년' 비비지 ""비지한 활동으로 이름 석자 각인시킬 것"" [종합]",2023.01.31.,http://www.stoo.com/article.php?aid=85170478678
스포츠투데이,"'데뷔 1년' 비비지 ""비지한 활동으로 이름 석자 각인시킬 것"" [종합]",2023.01.31.,http://www.stoo.com/article.php?aid=85170478678
한겨레언론사 선정,마스크 벗은 초2 “처음 본 친구 표정^^ 부끄럽고 기분 좋아”,2023.01.30.,https://www.hani.co.kr/arti/society/schooling/1077519.html
이데일리,"[포토]비비지, 완벽한 안무",2023.01.31.,http://starin.edaily.co.kr/news/newspath.asp?newsid=01351366635483296
전국매일신문,"광진구, 수의사 2명 이상 동물병원 진료비용 게시 의무화",2023.01.27.,https://www.jeonmae.co.kr/news/articleView.html?idxno=936963
일간스포츠,[포토] 비비지 '발랄한 미녀 삼총사',2023.01.31.,https://isplus.com/article/view/isp202301310157
스포츠동아,"비비지, 신명나는 쇼케이스 [포토]",2023.01.31.,https://sports.donga.com/article/all/20230131/117676550/1
일간스포츠,[포토] 비비지 엄지 '미모 물올랐네',2023.01.31.,https://isplus.com/article/view/isp202301310164
CNB저널(문화경제),"서울 광진구, ‘생활권 내 위험 수목 정비’ 대상지 모집",2023.01.26.,https://weekly.cnbnews.com/news/article.html?no=148252
스포츠동아,"비비지, 토끼 같은 귀여움 [포토]",2023.01.31.,https://sports.donga.com/article/all/20230131/117676450/1
스포츠동아,"비비지, 순백 슈트로 컴백 [포토]",2023.01.31.,https://sports.donga.com/article/all/20230131/117676392/1
이데일리,"[포토]비비지, '풀 업' 안무",2023.01.31.,http://starin.edaily.co.kr/news/newspath.asp?newsid=01315286635483296
스포츠동아,"비비지, 신명나는 쇼케이스 [포토]",2023.01.31.,https://sports.donga.com/article/all/20230131/117676550/1
일간스포츠,[포토] 비비지 엄지 '미모 물올랐네',2023.01.31.,https://isplus.com/article/view/isp202301310164
CNB저널(문화경제),"서울 광진구, ‘생활권 내 위험 수목 정비’ 대상지 모집",2023.01.26.,https://weekly.cnbnews.com/news/article.html?no=148252
스포츠동아,"비비지, 토끼 같은 귀여움 [포토]",2023.01.31.,https://sports.donga.com/article/all/20230131/117676450/1
스포츠동아,"비비지, 순백 슈트로 컴백 [포토]",2023.01.31.,https://sports.donga.com/article/all/20230131/117676392/1
스포츠동아,"비비지, 러블리한 손하트 [포토]",2023.01.31.,https://sports.donga.com/article/all/20230131/117676424/1
스포츠동아,"비비지 신비, 시크한 인사 [포토]",2023.01.31.,https://sports.donga.com/article/all/20230131/117676752/1
뉴스핌,'마스크 없이 수업 들어요~',2023.01.30.,http://www.newspim.com/news/view/20230130000637
스포츠동아,"비비지 은하, 돌아왔어요 [포토]",2023.01.31.,https://sports.donga.com/article/all/20230131/117676671/1
뉴스핌,'마스크 없이 수업 들어요~',2023.01.30.,http://www.newspim.com/news/view/20230130000637
스포츠동아,"비비지 은하, 돌아왔어요 [포토]",2023.01.31.,https://sports.donga.com/article/all/20230131/117676671/1
세계일보,[포토] 비비지 '화려한 댄스',2023.01.31.,http://www.segye.com/content/html/2023/01/31/20230131514036.html?OutUrl=naver
세계일보,[포토] 비비지 '매력적인 무대',2023.01.31.,http://www.segye.com/content/html/2023/01/31/20230131513503.html?OutUrl=naver
MBC연예,"[포토] 비비지, 화이트 래빗즈",2023.01.31.,http://enews.imbc.com/News/RetrieveNewsInfo/372170
세계일보,[포토] 비비지 '깜찍한 토끼들',2023.01.31.,http://www.segye.com/content/html/2023/01/31/20230131514477.html?OutUrl=naver
CBC뉴스,"[포토씨] 비비지(VIVIZ), 비비지가 전하는 통쾌한 메시지 ('VarioUS' 쇼케이스...",2023.01.31.,http://www.cbci.co.kr/news/articleView.html?idxno=437887
이데일리,[포토]마스크에서 해방이다~,2023.01.30.,http://www.edaily.co.kr/news/newspath.asp?newsid=02427206635482968
MBC연예,"[포토] 비비지 은하, SO 러블리~",2023.01.31.,http://enews.imbc.com/News/RetrieveNewsInfo/372165
이데일리,[포토]마스크 벗고 수업듣는 학생,2023.01.30.,http://www.edaily.co.kr/news/newspath.asp?newsid=02305846635482968
MBC연예,"[포토] 비비지 은하, SO 러블리~",2023.01.31.,http://enews.imbc.com/News/RetrieveNewsInfo/372165
이데일리,[포토]마스크 벗고 수업듣는 학생,2023.01.30.,http://www.edaily.co.kr/news/newspath.asp?newsid=02305846635482968
이데일리,[포토]실내 마스크 의무 착용 해제,2023.01.30.,http://www.edaily.co.kr/news/newspath.asp?newsid=02417366635482968
이데일리,"[포토]비비지, 가릴 수 없는 미모",2023.01.31.,http://starin.edaily.co.kr/news/newspath.asp?newsid=01348086635483296
세계일보,[포토] 비비지 신비 '화려한 손짓',2023.01.31.,http://www.segye.com/content/html/2023/01/31/20230131513746.html?OutUrl=naver
이데일리,"[포토]엄지, 비비지 막내의 미모",2023.01.31.,http://starin.edaily.co.kr/news/newspath.asp?newsid=01374326635483296
스포츠경향,비비지 신비 “우리 얘기는 많이 떠들어 주길”,2023.01.31.,http://sports.khan.co.kr/news/sk_index.html?art_id=202301311705003&sec_id=540301&pt=nv
스포츠동아,"비비지 엄지, 팬심 저격 윙크 [포토]",2023.01.31.,https://sports.donga.com/article/all/20230131/117676742/1
스포츠동아,"비비지, 그루브 표현한 춤사위 [포토]",2023.01.31.,https://sports.donga.com/article/all/20230131/117676388/1
스포츠동아,"비비지, 시선 사로잡는 고혹미 [포토]",2023.01.31.,https://sports.donga.com/article/all/20230131/117676563/1
이데일리,"[포토]비비지, 중독성 강한 '풀 업'",2023.01.31.,http://starin.edaily.co.kr/news/newspath.asp?newsid=01318566635483296
스포츠경향,비비지 신비 “우리 얘기는 많이 떠들어 주길”,2023.01.31.,http://sports.khan.co.kr/news/sk_index.html?art_id=202301311705003&sec_id=540301&pt=nv
스포츠동아,"비비지 엄지, 팬심 저격 윙크 [포토]",2023.01.31.,https://sports.donga.com/article/all/20230131/117676742/1
스포츠동아,"비비지, 그루브 표현한 춤사위 [포토]",2023.01.31.,https://sports.donga.com/article/all/20230131/117676388/1
스포츠동아,"비비지, 시선 사로잡는 고혹미 [포토]",2023.01.31.,https://sports.donga.com/article/all/20230131/117676563/1
스타데일리뉴스,"[S포토] 비비지 (VIVIZ) 신비, '눈부신 미모~' (쇼케이스)",2023.01.31.,http://www.stardailynews.co.kr/news/articleView.html?idxno=407416
티브이데일리,"[TD영상] 비비지, 강렬하고 시크한 신곡 '풀업' 무대",2023.01.31.,http://www.tvdaily.co.kr/read.php3?aid=16751577991666428003
세계일보,[포토] 비비지 엄지 '섹시 카리스마',2023.01.31.,http://www.segye.com/content/html/2023/01/31/20230131513963.html?OutUrl=naver
스포츠동아,"비비지 은하, 사랑스러운 볼하트 [포토]",2023.01.31.,https://sports.donga.com/article/all/20230131/117676644/1
스포츠동아,"비비지 신비, 사랑스러운 하트 [포토]",2023.01.31.,https://sports.donga.com/article/all/20230131/117676795/1
스타데일리뉴스,"[S포토] 비비지 (VIVIZ) 은하, '인형이네~' (쇼케이스)",2023.01.31.,http://www.stardailynews.co.kr/news/articleView.html?idxno=407411
티브이데일리,"[TD영상] 비비지, 강렬하고 시크한 신곡 '풀업' 무대",2023.01.31.,http://www.tvdaily.co.kr/read.php3?aid=16751577991666428003
세계일보,[포토] 비비지 엄지 '섹시 카리스마',2023.01.31.,http://www.segye.com/content/html/2023/01/31/20230131513963.html?OutUrl=naver
스포츠동아,"비비지 은하, 사랑스러운 볼하트 [포토]",2023.01.31.,https://sports.donga.com/article/all/20230131/117676644/1
스포츠동아,"비비지 신비, 사랑스러운 하트 [포토]",2023.01.31.,https://sports.donga.com/article/all/20230131/117676795/1
헤럴드POP,"[포토]엄지, '심쿵'",2023.01.31.,http://biz.heraldcorp.com/view.php?ud=202301311638523009003_1
뉴스1,"서울 광진구 노룬산시장 공사장서 화재…""2시간여만에 진압""",2023.01.25.,https://www.news1.kr/articles/4933437
스포츠동아,비비지만의 색 돋보이는 쇼케이스 [포토],2023.01.31.,https://sports.donga.com/article/all/20230131/117676506/1
헤럴드POP,"[포토]은하, '유혹'",2023.01.31.,http://biz.heraldcorp.com/view.php?ud=202301311632182958031_1
헤럴드POP,[포토]엄지가 최고야!,2023.01.31.,http://biz.heraldcorp.com/view.php?ud=202301311629172928083_1
스포츠동아,비비지만의 색 돋보이는 쇼케이스 [포토],2023.01.31.,https://sports.donga.com/article/all/20230131/117676506/1
헤럴드POP,"[포토]은하, '유혹'",2023.01.31.,http://biz.heraldcorp.com/view.php?ud=202301311632182958031_1
헤럴드POP,[포토]엄지가 최고야!,2023.01.31.,http://biz.heraldcorp.com/view.php?ud=202301311629172928083_1
세계일보,[포토] 비비지 '화려한 컴백 무대',2023.01.31.,http://www.segye.com/content/html/2023/01/31/20230131513627.html?OutUrl=naver
이데일리,[포토]흰 토끼도 행복했으면 좋겠어요~,2023.01.31.,http://starin.edaily.co.kr/news/newspath.asp?newsid=01282486635483296
세계일보,[포토] 비비지 엄지 '물오른 미모',2023.01.31.,http://www.segye.com/content/html/2023/01/31/20230131514087.html?OutUrl=naver
세계일보,[포토] 비비지 '오늘 컴백했어요!',2023.01.31.,http://www.segye.com/content/html/2023/01/31/20230131512667.html?OutUrl=naver
세계일보,[포토] 비비지 은하 '하트 여신',2023.01.31.,http://www.segye.com/content/html/2023/01/31/20230131514438.html?OutUrl=naver
스포츠동아,비비지 컴백 소감 “새로운 모습 보여드릴 수 있어 좋아”,2023.01.31.,https://sports.donga.com/article/all/20230131/117676002/1
세계일보,[포토] 비비지 '사랑스런 꽃받침',2023.01.31.,http://www.segye.com/content/html/2023/01/31/20230131514584.html?OutUrl=naver
스포츠동아,비비지 컴백 소감 “새로운 모습 보여드릴 수 있어 좋아”,2023.01.31.,https://sports.donga.com/article/all/20230131/117676002/1
세계일보,[포토] 비비지 '사랑스런 꽃받침',2023.01.31.,http://www.segye.com/content/html/2023/01/31/20230131514584.html?OutUrl=naver
세계일보,[포토] 비비지 '깜찍한 브이 포즈',2023.01.31.,http://www.segye.com/content/html/2023/01/31/20230131514547.html?OutUrl=naver
서울신문,"광진, 에너지 약자 위해 1억 5800만원 추경 편성",2023.01.30.,https://www.seoul.co.kr/news/newsView.php?id=20230130010004&wlog_tag3=naver
이투데이,[포토] '마스크 벗고 대화하는 학생들',2023.01.30.,https://www.etoday.co.kr/news/view/2216706
헤럴드POP,"[포토]은하, 예쁜 볼하트",2023.01.31.,http://biz.heraldcorp.com/view.php?ud=202301311621512846209_1
OSEN,"[사진]비비지,'애교 만점'",2023.01.31.,http://www.osen.co.kr/article/G1112033542
이데일리,[포토]세 번째 앨범으로 돌아온 비비지,2023.01.31.,http://starin.edaily.co.kr/news/newspath.asp?newsid=01331686635483296
스포츠동아,"비비지, 시선 사로잡는 ‘PULL UP’ [포토]",2023.01.31.,https://sports.donga.com/article/all/20230131/117676479/1
MBC연예,"[포토] 비비지 엄지, 여유 넘치는 무대",2023.01.31.,http://enews.imbc.com/News/RetrieveNewsInfo/372172
MBC연예,"[포토] 비비지 엄지, 여유 넘치는 무대",2023.01.31.,http://enews.imbc.com/News/RetrieveNewsInfo/372172
서울경제,"비비지, 엔딩 요정들 [SE★포토]",2023.01.31.,https://www.sedaily.com/NewsView/29KOTNJTON
스타뉴스,"비비지 ""데뷔 8주년 감사..여자친구 재결합? 언젠가 모일 것""",2023.01.31.,https://www.starnewskorea.com/stview.php?no=2023013115542788069
스포츠동아,"비비지 엄지, 각이 살아있는 브이 [포토]",2023.01.31.,https://sports.donga.com/article/all/20230131/117676687/1
스타데일리뉴스,"[S포토] 비비지 (VIVIZ) 은하, '귀여운 요정미~' (쇼케이스)",2023.01.31.,http://www.stardailynews.co.kr/news/articleView.html?idxno=407410
MBC연예,"[포토] 비비지 신비, 스완미 업~",2023.01.31.,http://enews.imbc.com/News/RetrieveNewsInfo/372173
MBC연예,"[포토] 비비지 컴백, '풀 업' 포인트",2023.01.31.,http://enews.imbc.com/News/RetrieveNewsInfo/372171
세계일보,[포토] 비비지 신비 '매력적인 눈빛',2023.01.31.,http://www.segye.com/content/html/2023/01/31/20230131513945.html?OutUrl=naver
뉴스1,아직은 마스크 착용이 익숙해요,2023.01.30.,https://www.news1.kr/photos/view/?5809436
신아일보,"광진구, 보호종료아동 위한 임차료·자립정착금 지원",2023.01.26.,http://www.shinailbo.co.kr/news/articleView.html?idxno=1653710
세계일보,[포토] 비비지 신비 '매력적인 눈빛',2023.01.31.,http://www.segye.com/content/html/2023/01/31/20230131513945.html?OutUrl=naver
신아일보,"광진구, 보호종료아동 위한 임차료·자립정착금 지원",2023.01.26.,http://www.shinailbo.co.kr/news/articleView.html?idxno=1653710
뉴스1,아직은 마스크 착용이 익숙해요,2023.01.30.,https://www.news1.kr/photos/view/?5809436
스포츠동아,"비비지 은하, 긴생머리로 돌아왔어요 [포토]",2023.01.31.,https://sports.donga.com/article/all/20230131/117676617/1
MBC연예,"[포토] 비비지 은하, '풀 업' 생머리",2023.01.31.,http://enews.imbc.com/News/RetrieveNewsInfo/372175
뉴스핌,마스크 벗고 수업,2023.01.30.,http://www.newspim.com/news/view/20230130000636
세계일보,[포토] 비비지 신비 '사랑스러운 미소',2023.01.31.,http://www.segye.com/content/html/2023/01/31/20230131514362.html?OutUrl=naver
엑스포츠뉴스,비비지 '깡충깡충'[엑's HD포토],2023.01.31.,https://www.xportsnews.com/article/1682782
국제뉴스,"서울 광진구 찜질방 건물 지하 화재, 불로 시민 120명 대피 소동",2023.01.23.,https://www.gukjenews.com/news/articleView.html?idxno=2641032
헤럴드POP,"[포토]신비, 시크표정이 찰떡",2023.01.31.,http://biz.heraldcorp.com/view.php?ud=202301311627272899271_1
헤럴드POP,"[포토]신비, 시크표정이 찰떡",2023.01.31.,http://biz.heraldcorp.com/view.php?ud=202301311627272899271_1
헤럴드POP,"[포토]은하, 긴생머리 찰랑~",2023.01.31.,http://biz.heraldcorp.com/view.php?ud=202301311624332876509_1
헤럴드POP,"[포토]은하, 볼수록 매력적",2023.01.31.,http://biz.heraldcorp.com/view.php?ud=202301311622542853173_1
헤럴드POP,"[포토]비비지, 예쁜 꽃 3송이",2023.01.31.,http://biz.heraldcorp.com/view.php?ud=202301311618042825287_1
OSEN,"[사진]비비지 은하,'매력발산'",2023.01.31.,http://www.osen.co.kr/article/G1112033432
이투데이,[포토] '마스크 벗고 수업에 참여한 학생들',2023.01.30.,https://www.etoday.co.kr/news/view/2216710
스포츠조선,"[SC현장] ""여자친구와 달라""…흑화한 비비지, 이름 각인시킬 '풀업' 컴백(종합...",2023.01.31.,http://sports.chosun.com/news/ntype.htm?id=202301310100197230025095&servicedate=20230131
OSEN,"[사진]비비지 엄지,'매혹적인 눈빛'",2023.01.31.,http://www.osen.co.kr/article/G1112033541
OSEN,"[사진]비비지 엄지,'폭풍 열창'",2023.01.31.,http://www.osen.co.kr/article/G1112033458
OSEN,"[사진]비비지,'걸크러쉬 매력'",2023.01.31.,http://www.osen.co.kr/article/G1112033419
OSEN,"[사진]비비지,'걸크러쉬 매력'",2023.01.31.,http://www.osen.co.kr/article/G1112033419
서울경제,"비비지 엄지, 매혹적인 손짓 [SE★포토]",2023.01.31.,https://www.sedaily.com/NewsView/29KOU8XILC
이데일리,"비비지 ""강렬 신곡, 골반 야무지게 흔드는 '댄브' 준비""",2023.01.31.,http://starin.edaily.co.kr/news/newspath.asp?newsid=01305446635483296
bnt뉴스,[bnt포토] 비비지 엄지 '호잇',2023.01.31.,https://www.bntnews.co.kr/article/view/bnt202301310064
스포츠동아,"비비지, 고혹미 드러나는 컴백 쇼케이스 [포토]",2023.01.31.,https://sports.donga.com/article/all/20230131/117676580/1
엑스포츠뉴스,비비지 엄지 '예쁘다'[엑's HD포토],2023.01.31.,https://www.xportsnews.com/article/1682825
이투데이,"전화 한 통으로 도움을…광진구, ‘원스톱 복지콜센터’ 운영",2023.01.25.,https://www.etoday.co.kr/news/view/2215418
스타데일리뉴스,"[S포토] 비비지 (VIVIZ) 은하, '매력 넘치는 볼하트~' (쇼케이스)",2023.01.31.,http://www.stardailynews.co.kr/news/articleView.html?idxno=407409
YTN,"[Y현장] ""내 얘기 그만해!""...VIVIZ(비비지), 8년차에 만난 찰떡 콘셉트(종합...",2023.01.31.,https://star.ytn.co.kr/_sn/0117_202301311705201909
서울경제,"비비지 은하, 큐티 카리스마 [SE★포토]",2023.01.31.,https://www.sedaily.com/NewsView/29KOT5807O
YTN,"[Y현장] ""내 얘기 그만해!""...VIVIZ(비비지), 8년차에 만난 찰떡 콘셉트(종합...",2023.01.31.,https://star.ytn.co.kr/_sn/0117_202301311705201909
서울경제,"비비지 은하, 큐티 카리스마 [SE★포토]",2023.01.31.,https://www.sedaily.com/NewsView/29KOT5807O
티브이데일리,"[TD영상] 비비지, 카리스마 장착했지만 사라지지 않은 귀여움",2023.01.31.,http://www.tvdaily.co.kr/read.php3?aid=16751583381666429003
뉴스핌,마스크 벗고 돌아온 일상,2023.01.30.,http://www.newspim.com/news/view/20230130000635
헤럴드POP,"[포토]엄지X신비, 심쿵 섹시",2023.01.31.,http://biz.heraldcorp.com/view.php?ud=202301311635572982020_1
헤럴드POP,"[포토]비비지, '화려한 손 끝'",2023.01.31.,http://biz.heraldcorp.com/view.php?ud=202301311700473139207_1
헤럴드POP,"[포토]비비지, '카리스마 폭발'",2023.01.31.,http://biz.heraldcorp.com/view.php?ud=202301311655493126194_1
헤럴드POP,"[포토]엄지, 물오른 꽃미모",2023.01.31.,http://biz.heraldcorp.com/view.php?ud=202301311628282908008_1
헤럴드POP,"[포토]비비지, 유혹의 무대",2023.01.31.,http://biz.heraldcorp.com/view.php?ud=202301311633522960309_1
뉴시스,실내 마스크 의무 착용 해제,2023.01.30.,http://www.newsis.com/view/?id=NISI20230130_0019726082
뉴시스,실내 마스크 의무 착용 해제,2023.01.30.,http://www.newsis.com/view/?id=NISI20230130_0019726082
헤럴드POP,"[포토]엄지, '비주얼이 하트'",2023.01.31.,http://biz.heraldcorp.com/view.php?ud=202301311630282936120_1
뉴시스,마스크 벗고 수업 들어요,2023.01.30.,http://www.newsis.com/view/?id=NISI20230130_0019726093
뉴데일리,[포토] 컴백한 비비지,2023.01.31.,https://www.newdaily.co.kr/site/data/html/2023/01/31/2023013100195.html
엑스포츠뉴스,비비지 '풀 업(PULL UP)'[엑's HD포토],2023.01.31.,https://www.xportsnews.com/article/1682799
MBN,비비지 엄지 “새로운 모습 늘 긴장...강렬+자신감 넘치는 모습 보여주고 파”,2023.01.31.,https://www.mk.co.kr/article/10625087?refer=portal
bnt뉴스,[bnt포토] 비비지 '순백의 러블리함',2023.01.31.,https://www.bntnews.co.kr/article/view/bnt202301310061
뉴스1,대화도 자유롭게,2023.01.30.,https://www.news1.kr/photos/view/?5809687
머니투데이,"'소통 일꾼'이 바꾸는 광진..""2040 활력도시"" 약속한 구청장",2023.01.30.,http://news.mt.co.kr/mtview.php?no=2023012810223433180
OSEN,"[사진]비비지,'음악에 몸을 맡겨'",2023.01.31.,http://www.osen.co.kr/article/G1112033485
뉴스1,대화도 자유롭게,2023.01.30.,https://www.news1.kr/photos/view/?5809687
머니투데이,"'소통 일꾼'이 바꾸는 광진..""2040 활력도시"" 약속한 구청장",2023.01.30.,http://news.mt.co.kr/mtview.php?no=2023012810223433180
OSEN,"[사진]비비지,'음악에 몸을 맡겨'",2023.01.31.,http://www.osen.co.kr/article/G1112033485
OSEN,"[사진]비비지 은하,'요정의 하트'",2023.01.31.,http://www.osen.co.kr/article/G1112033421
스포츠서울,"""금세 성장한"" '데뷔 1주년' 비비지, 성숙한 매력 가득한 '풀 업'[SS현장]",2023.01.31.,http://www.sportsseoul.com/news/read/1195741?ref=naver
이투데이,[포토] 실내마스크 벗고 수업듣는 초등학생들,2023.01.30.,https://www.etoday.co.kr/news/view/2216707
헤럴드POP,"[포토]비비지 엄지, '예쁘다 예뻐'",2023.01.31.,http://biz.heraldcorp.com/view.php?ud=202301311605522787633_1
뉴스1,'마스크 벗고 활짝',2023.01.30.,https://www.news1.kr/photos/view/?5809681
아시아경제,"광진구, 만 65세 이상 어르신 폐렴구균 무료 예방접종",2023.01.22.,https://view.asiae.co.kr/article/2023012120422025240
OSEN,"[사진]비비지,'순백의 아름다움'",2023.01.31.,http://www.osen.co.kr/article/G1112033456
뉴스1,'마스크 벗고 활짝',2023.01.30.,https://www.news1.kr/photos/view/?5809681
아시아경제,"광진구, 만 65세 이상 어르신 폐렴구균 무료 예방접종",2023.01.22.,https://view.asiae.co.kr/article/2023012120422025240
OSEN,"[사진]비비지,'순백의 아름다움'",2023.01.31.,http://www.osen.co.kr/article/G1112033456
이데일리,[포토]마스크 이렇게 벗었어요,2023.01.30.,http://www.edaily.co.kr/news/newspath.asp?newsid=02443606635482968
OSEN,"[사진]비비지 신비,'상큼한 열창'",2023.01.31.,http://www.osen.co.kr/article/G1112033480
OSEN,"[사진]비비지 엄지,'사랑스러운 윙크'",2023.01.31.,http://www.osen.co.kr/article/G1112033543
bnt뉴스,[bnt포토] 비비지 신비 '짜릿하게',2023.01.31.,https://www.bntnews.co.kr/article/view/bnt202301310070
OSEN,"[사진]비비지 신비,'걸크러쉬 무대'",2023.01.31.,http://www.osen.co.kr/article/G1112033440
OSEN,"[사진]비비지 신비,'빠져드는 미모'",2023.01.31.,http://www.osen.co.kr/article/G1112033423
스포츠경향,"비비지 엄지 “‘풀업’ 멋진 콘셉트, 지금 나이에 만나 다행”",2023.01.31.,http://sports.khan.co.kr/news/sk_index.html?art_id=202301311654003&sec_id=540301&pt=nv
스포츠경향,"비비지 엄지 “‘풀업’ 멋진 콘셉트, 지금 나이에 만나 다행”",2023.01.31.,http://sports.khan.co.kr/news/sk_index.html?art_id=202301311654003&sec_id=540301&pt=nv
헤럴드POP,"[포토]비비지, 중독적인 'PULL UP'",2023.01.31.,http://biz.heraldcorp.com/view.php?ud=202301311641073022001_1
뉴스핌,'학교 수업도 마스크 벗고~',2023.01.30.,http://www.newspim.com/news/view/20230130000646
스타데일리뉴스,"[S포토] 비비지 (VIVIZ) 엄지-신비-은하, '토끼 요정들~' (쇼케이스)",2023.01.31.,http://www.stardailynews.co.kr/news/articleView.html?idxno=407424
국제뉴스,"김경호 구청장 ""군자동 발전에 최선을 다 할 것""",2023.01.31.,https://www.gukjenews.com/news/articleView.html?idxno=2645097
헤럴드POP,"[포토]비비지 신비, 사랑스러워~",2023.01.31.,http://biz.heraldcorp.com/view.php?ud=202301311609532791721_1
OSEN,"[사진]비비지 엄지,'더 예뻐진 미모'",2023.01.31.,http://www.osen.co.kr/article/G1112033424
뉴시스,마스크 벗고 미소짓는 학생,2023.01.30.,http://www.newsis.com/view/?id=NISI20230130_0019726080
bnt뉴스,[bnt포토] 비비지 은하 '찌르고 찌르고',2023.01.31.,https://www.bntnews.co.kr/article/view/bnt202301310063
헤럴드POP,"[포토]비비지, 빠져드는 'PULL UP'",2023.01.31.,http://biz.heraldcorp.com/view.php?ud=202301311634482973390_1
bnt뉴스,[bnt포토] 비비지 은하 '찌르고 찌르고',2023.01.31.,https://www.bntnews.co.kr/article/view/bnt202301310063
헤럴드POP,"[포토]비비지, 빠져드는 'PULL UP'",2023.01.31.,http://biz.heraldcorp.com/view.php?ud=202301311634482973390_1
헤럴드POP,"[포토]비비지, 'VarioUS'로 컴백해요",2023.01.31.,http://biz.heraldcorp.com/view.php?ud=202301311612112814751_1
헤럴드POP,"[포토]엄지, 비비지가 돌아왔어요!",2023.01.31.,http://biz.heraldcorp.com/view.php?ud=202301311631222941653_1
뉴시스,익숙한 마스크 착용 등교,2023.01.30.,http://www.newsis.com/view/?id=NISI20230130_0019726022
엑스포츠뉴스,여자친구의 8주년→비비지의 데뷔 1주년까지 (엑's 현장)[종합],2023.01.31.,https://www.xportsnews.com/article/1682856
엑스포츠뉴스,비비지 엄지 '반짝 반짝'[엑's HD포토],2023.01.31.,https://www.xportsnews.com/article/1682793
헤럴드POP,"[포토]비비지 은하, 긴생머리 변신",2023.01.31.,http://biz.heraldcorp.com/view.php?ud=202301311549332748343_1
뉴시스,마스크 벗고 수업해요,2023.01.30.,http://www.newsis.com/view/?id=NISI20230130_0019726088
시민일보,"광진구, 신생아 600명 첫돌사진 촬영비 지원",2023.01.26.,https://www.siminilbo.co.kr/news/newsview.php?ncode=1160283648165491
헤럴드POP,"[포토]신비X은하, 열정적인 무대 'PULL UP'",2023.01.31.,http://biz.heraldcorp.com/view.php?ud=202301311642083048119_1
일간스포츠,‘컴백’ 비비지 엄지 “새로운 느낌의 곡 많아…준비 과정 즐거웠다”,2023.01.31.,https://isplus.com/article/view/isp202301310139
전국매일신문,"광진구, 원스톱 복지콜센터 운영…상담·긴급지원",2023.01.25.,https://www.jeonmae.co.kr/news/articleView.html?idxno=936453
엑스포츠뉴스,비비지 '짱비지 컴백한다!'[엑's HD포토],2023.01.31.,https://www.xportsnews.com/article/1682771
TV리포트,[T포토] 엄지 '섹시 PULL UP',2023.01.31.,https://www.tvreport.co.kr/2131163
뉴스1,"광진구, 영세 봉제업 폐원단 처리 종량제봉투 지원",2023.01.18.,https://www.news1.kr/articles/4928325
bnt뉴스,[bnt포토] 비비지 '나비는 사랑입니다',2023.01.31.,https://www.bntnews.co.kr/article/view/bnt202301310062
아시아경제,[포토] 마스크 벗은 학생,2023.01.30.,https://view.asiae.co.kr/article/2023013011285705054
톱스타뉴스,"[TOP영상] 비비지, 타이틀곡 'PULL UP(풀 업)' 무대(230131 비비지 쇼케이스)",2023.01.31.,http://www.topstarnews.net/news/articleView.html?idxno=15061625
아시아경제,"광진구, 저소득 구민 이사비용 40만원 지원",2023.01.22.,https://view.asiae.co.kr/article/2023012221114257453
엑스포츠뉴스,비비지 엄지 '물 오른 미모'[엑's HD포토],2023.01.31.,https://www.xportsnews.com/article/1682781
TV리포트,[T포토] 엄지 '섹시 PULL UP',2023.01.31.,https://www.tvreport.co.kr/2131163
뉴스1,"광진구, 영세 봉제업 폐원단 처리 종량제봉투 지원",2023.01.18.,https://www.news1.kr/articles/4928325
bnt뉴스,[bnt포토] 비비지 '나비는 사랑입니다',2023.01.31.,https://www.bntnews.co.kr/article/view/bnt202301310062
아시아경제,[포토] 마스크 벗은 학생,2023.01.30.,https://view.asiae.co.kr/article/2023013011285705054
톱스타뉴스,"[TOP영상] 비비지, 타이틀곡 'PULL UP(풀 업)' 무대(230131 비비지 쇼케이스)",2023.01.31.,http://www.topstarnews.net/news/articleView.html?idxno=15061625
아시아경제,"광진구, 저소득 구민 이사비용 40만원 지원",2023.01.22.,https://view.asiae.co.kr/article/2023012221114257453
OSEN,"[사진]비비지 엄지,'카리스마 넘치는 무대'",2023.01.31.,http://www.osen.co.kr/article/G1112033444
헤럴드POP,"비비지 ""포인트 안무? 골반 야무지게 흔드는 구간 있어""",2023.01.31.,http://biz.heraldcorp.com/view.php?ud=202301311628512916794_1
TV리포트,[T포토] 신비 '강렬한 레드립',2023.01.31.,https://www.tvreport.co.kr/2131156
헤럴드POP,"비비지 ""포인트 안무? 골반 야무지게 흔드는 구간 있어""",2023.01.31.,http://biz.heraldcorp.com/view.php?ud=202301311628512916794_1
TV리포트,[T포토] 신비 '강렬한 레드립',2023.01.31.,https://www.tvreport.co.kr/2131156
TV리포트,[T포토] 신비 '도도한 하트',2023.01.31.,https://www.tvreport.co.kr/2131155
OSEN,"[사진]비비지 은하,'사랑스러운 열창'",2023.01.31.,http://www.osen.co.kr/article/G1112033472
TV리포트,[T포토] 엄지 '꽃미모 만개',2023.01.31.,https://www.tvreport.co.kr/2131153
머니S,[머니S포토] '오늘부터 실내마스크 해제',2023.01.30.,http://moneys.mt.co.kr/news/mwView.php?no=2023013010130928463
조이뉴스24,[포토]귀여운 은하 토끼,2023.01.31.,http://www.joynews24.com/view/1562608
bnt뉴스,[bnt포토] 비비지 신비 '여유로운 몸짓',2023.01.31.,https://www.bntnews.co.kr/article/view/bnt202301310071
bnt뉴스,[bnt포토] 비비지 은하 '블링블링 이어링',2023.01.31.,https://www.bntnews.co.kr/article/view/bnt202301310089
OSEN,"[사진]비비지,'베리어스로 돌아왔어요'",2023.01.31.,http://www.osen.co.kr/article/G1112033463
bnt뉴스,[bnt포토] 비비지 은하 '블링블링 이어링',2023.01.31.,https://www.bntnews.co.kr/article/view/bnt202301310089
OSEN,"[사진]비비지,'베리어스로 돌아왔어요'",2023.01.31.,http://www.osen.co.kr/article/G1112033463
bnt뉴스,[bnt포토] 비비지 은하 '러블리 볼빵빵',2023.01.31.,https://www.bntnews.co.kr/article/view/bnt202301310083
OSEN,"[사진]비비지 신비,'섹시한 힙 안무'",2023.01.31.,http://www.osen.co.kr/article/G1112033461
정보통신신문,"한국기술사회, 서울 광진구에 회관 마련",2023.01.26.,http://www.koit.co.kr/news/articleView.html?idxno=108863
스타데일리뉴스,"[S포토] 비비지 (VIVIZ) 엄지-신비-은하, '귀염 한도초과 볼 꾹~' (쇼케이스)",2023.01.31.,http://www.stardailynews.co.kr/news/articleView.html?idxno=407423
이투데이,[포토] 오늘부터 '실내마스크 착용의무 해제',2023.01.30.,https://www.etoday.co.kr/news/view/2216705
뉴시스,마스크 벗고 수업하는 학생들,2023.01.30.,http://www.newsis.com/view/?id=NISI20230130_0019726089
뉴스1,'답답한 마스크 벗고',2023.01.30.,https://www.news1.kr/photos/view/?5809676
시사포커스,[포토] '비비지' 타이틀곡 '풀 업'의 짜임새있는 무대,2023.01.31.,http://www.sisafocus.co.kr/news/articleView.html?idxno=291019
스타데일리뉴스,"[S포토] 비비지 (VIVIZ) 엄지-신비-은하, '안구정화 요정미~' (쇼케이스)",2023.01.31.,http://www.stardailynews.co.kr/news/articleView.html?idxno=407401
이투데이,[포토] 오늘부터 '실내마스크 착용의무 해제',2023.01.30.,https://www.etoday.co.kr/news/view/2216705
뉴시스,마스크 벗고 수업하는 학생들,2023.01.30.,http://www.newsis.com/view/?id=NISI20230130_0019726089
뉴스1,'답답한 마스크 벗고',2023.01.30.,https://www.news1.kr/photos/view/?5809676
시사포커스,[포토] '비비지' 타이틀곡 '풀 업'의 짜임새있는 무대,2023.01.31.,http://www.sisafocus.co.kr/news/articleView.html?idxno=291019
헤럴드POP,"[포토]은하, 여자친구 재결합설 조심스러워~",2023.01.31.,http://biz.heraldcorp.com/view.php?ud=202301311650363090263_1
뉴데일리,[포토] 컴백한 비비지 신비,2023.01.31.,https://www.newdaily.co.kr/site/data/html/2023/01/31/2023013100203.html
YTN,"[Y현장] VIVIZ(비비지) 엄지 ""전체적으로 새로운 앨범, 무대 재밌고 즐거워""",2023.01.31.,https://star.ytn.co.kr/_sn/0117_202301311629577086
엑스포츠뉴스,비비지 은하 '빠져드는 눈망울'[엑's HD포토],2023.01.31.,https://www.xportsnews.com/article/1682807
TV리포트,[T포토] 엄지 '그림같은 춤선',2023.01.31.,https://www.tvreport.co.kr/2131170
엑스포츠뉴스,비비지 '매혹적인 화이트 슈트'[엑's HD포토],2023.01.31.,https://www.xportsnews.com/article/1682820
TV리포트,[T포토] 엄지 '살아있는 손끝',2023.01.31.,https://www.tvreport.co.kr/2131167
bnt뉴스,[bnt포토] 비비지 은하 '러블리 긴생머리',2023.01.31.,https://www.bntnews.co.kr/article/view/bnt202301310074
bnt뉴스,[bnt포토] 비비지 엄지-신비-은하 '멋짐 뿜뿜',2023.01.31.,https://www.bntnews.co.kr/article/view/bnt202301310069
TV리포트,[T포토] 은하 '분위기에 취해',2023.01.31.,https://www.tvreport.co.kr/2131175
TV리포트,[T포토] 신비 '매력 발산 댄스',2023.01.31.,https://www.tvreport.co.kr/2131165
중앙일보,"""'마기꾼' 놀릴까봐 걱정 돼요""…교실서도 마스크 눈치게임",2023.01.30.,https://www.joongang.co.kr/article/25136857
TV리포트,[T포토] 은하 '더 예뻐졌네',2023.01.31.,https://www.tvreport.co.kr/2131150
OSEN,"[사진]비비지 은하,'얼굴이 하트 그 자체'",2023.01.31.,http://www.osen.co.kr/article/G1112033537
TV리포트,[T포토] 신비 '눈빛에 빠져들어',2023.01.31.,https://www.tvreport.co.kr/2131174
TV리포트,[T포토] 은하 '시크미 장착',2023.01.31.,https://www.tvreport.co.kr/2131159
TV리포트,[T포토] 신비 '매력 발산 댄스',2023.01.31.,https://www.tvreport.co.kr/2131165
중앙일보,"""'마기꾼' 놀릴까봐 걱정 돼요""…교실서도 마스크 눈치게임",2023.01.30.,https://www.joongang.co.kr/article/25136857
TV리포트,[T포토] 은하 '더 예뻐졌네',2023.01.31.,https://www.tvreport.co.kr/2131150
OSEN,"[사진]비비지 은하,'얼굴이 하트 그 자체'",2023.01.31.,http://www.osen.co.kr/article/G1112033537
TV리포트,[T포토] 신비 '눈빛에 빠져들어',2023.01.31.,https://www.tvreport.co.kr/2131174
문화일보,시크하게 돌아온 VIVIZ “지금까지 보여드린 적 없는 모습”,2023.01.31.,https://www.munhwa.com/news/view.html?no=2023013101039912082003
뉴시스,통학버스는 마스크 착용,2023.01.30.,http://www.newsis.com/view/?id=NISI20230130_0019725941
뉴시스,마스크 쓰고 등교하는 학생들,2023.01.30.,http://www.newsis.com/view/?id=NISI20230130_0019726021
뉴스엔,"당당한 변신, 비비지 VIVIZ [포토엔HD]",2023.01.31.,https://www.newsen.com/news_view.php?uid=202301311605031510
뉴스엔,"당당한 변신, 비비지 VIVIZ [포토엔HD]",2023.01.31.,https://www.newsen.com/news_view.php?uid=202301311605031510
OSEN,"[사진]비비지 은하,'여신 미모 뽐내며 열창'",2023.01.31.,http://www.osen.co.kr/article/G1112033468
bnt뉴스,[bnt포토] 비비지 신비 '비비디한 귀여움',2023.01.31.,https://www.bntnews.co.kr/article/view/bnt202301310079
아시아투데이,[포토] 실내마스크 착용 '권고',2023.01.30.,https://www.asiatoday.co.kr/view.php?key=20230130010014042
TV리포트,[T포토] 엄지 '엄지 공주의 깜찍함',2023.01.31.,https://www.tvreport.co.kr/2131152
엑스포츠뉴스,"""아직 조심스러워""…여자친구 재결합 향한 기대+부담감 [엑's 현장]",2023.01.31.,https://www.xportsnews.com/article/1682844
조이뉴스24,[포토]비비지 꽃이 피었습니다~,2023.01.31.,http://www.joynews24.com/view/1562602
글로벌이코노믹,"""같이 보면 더 재밌으니깐""…넷플릭스 '정이' 배리어프리 상영 성료",2023.01.31.,http://www.g-enews.com/ko-kr/news/article/news_all/20230131174719288586fbbc3c26_1/article.html
bnt뉴스,[bnt포토] 비비지 신비 '남다른 손끝처리',2023.01.31.,https://www.bntnews.co.kr/article/view/bnt202301310068
TV리포트,[T포토] 은하 '과즙미 터지는 하트',2023.01.31.,https://www.tvreport.co.kr/2131148
OSEN,"[사진]비비지 은하,'긴머리 뽐내며 열창'",2023.01.31.,http://www.osen.co.kr/article/G1112033473
bnt뉴스,[bnt포토] 비비지 신비 '비비디한 귀여움',2023.01.31.,https://www.bntnews.co.kr/article/view/bnt202301310079
아시아투데이,[포토] 실내마스크 착용 '권고',2023.01.30.,https://www.asiatoday.co.kr/view.php?key=20230130010014042
TV리포트,[T포토] 엄지 '엄지 공주의 깜찍함',2023.01.31.,https://www.tvreport.co.kr/2131152
엑스포츠뉴스,"""아직 조심스러워""…여자친구 재결합 향한 기대+부담감 [엑's 현장]",2023.01.31.,https://www.xportsnews.com/article/1682844
조이뉴스24,[포토]비비지 꽃이 피었습니다~,2023.01.31.,http://www.joynews24.com/view/1562602
글로벌이코노믹,"""같이 보면 더 재밌으니깐""…넷플릭스 '정이' 배리어프리 상영 성료",2023.01.31.,http://www.g-enews.com/ko-kr/news/article/news_all/20230131174719288586fbbc3c26_1/article.html
bnt뉴스,[bnt포토] 비비지 신비 '남다른 손끝처리',2023.01.31.,https://www.bntnews.co.kr/article/view/bnt202301310068
TV리포트,[T포토] 은하 '과즙미 터지는 하트',2023.01.31.,https://www.tvreport.co.kr/2131148
뉴스핌,마스크 벗고 수업 참여하는 초등학생들,2023.01.30.,http://www.newspim.com/news/view/20230130000634
OSEN,"[사진]비비지,'세번째 미니앨범으로 컴백'",2023.01.31.,http://www.osen.co.kr/article/G1112033417
헤럴드경제,광진구로 오면 이사비용 40만원 지원해요,2023.01.20.,http://news.heraldcorp.com/view.php?ud=20230120000019
bnt뉴스,[bnt포토] 비비지 엄지 '참 멋진 이목구비',2023.01.31.,https://www.bntnews.co.kr/article/view/bnt202301310092
OSEN,"[사진]비비지 신비,'화려한 포인트 안무'",2023.01.31.,http://www.osen.co.kr/article/G1112033534
뉴스1,학교도 마스크 벗어요,2023.01.30.,https://www.news1.kr/photos/view/?5809675
동아일보,"광진구, 구민생활 안전보험 보장범위 확대",2023.01.20.,https://www.donga.com/news/Society/article/all/20230120/117530098/1
뉴스1,다시 돌아온 일상,2023.01.30.,https://www.news1.kr/photos/view/?5809685
스타데일리뉴스,"[S포토] 비비지 (VIVIZ) 엄지-신비-은하, '세 번째 앨범으로 컴백~' (쇼케이스...",2023.01.31.,http://www.stardailynews.co.kr/news/articleView.html?idxno=407398
직썰,"대웅제약, 나보타·브이올렛 활용 복합 미용 성형 시술법 제시",2023.01.30.,https://www.ziksir.com/news/articleView.html?idxno=33238
뉴스1,'친구와 마주 보고',2023.01.30.,https://www.news1.kr/photos/view/?5809682
뉴스1,3년만에 돌아온 일상,2023.01.30.,https://www.news1.kr/photos/view/?5809689
스타데일리뉴스,"[S포토] 비비지 (VIVIZ) 엄지-신비-은하, '세 번째 앨범으로 컴백~' (쇼케이스...",2023.01.31.,http://www.stardailynews.co.kr/news/articleView.html?idxno=407398
직썰,"대웅제약, 나보타·브이올렛 활용 복합 미용 성형 시술법 제시",2023.01.30.,https://www.ziksir.com/news/articleView.html?idxno=33238
뉴스1,'친구와 마주 보고',2023.01.30.,https://www.news1.kr/photos/view/?5809682
스포티비뉴스,"""여자친구와 달라"" '데뷔 1년' 비비지, 지금이기에 가능한 카리스마 '풀 업'[...",2023.01.31.,https://www.spotvnews.co.kr/news/articleView.html?idxno=583305
시사포커스,[포토] '비비지' 미니 3집 '베리어스' 많이 사랑해주세요~,2023.01.31.,http://www.sisafocus.co.kr/news/articleView.html?idxno=291012
OSEN,"비비지 “새 앨범, 저희 나이대에만 소화할 수 있는 멋짐 담았다” [Oh!쎈 현...",2023.01.31.,http://www.osen.co.kr/article/G1112033434
뉴데일리,"[포토] 비비지 엄지, 컴백했어요",2023.01.31.,https://www.newdaily.co.kr/site/data/html/2023/01/31/2023013100199.html
뉴시스,마스크 착용하고 등교하는 학생들,2023.01.30.,http://www.newsis.com/view/?id=NISI20230130_0019725936
엑스포츠뉴스,비비지 엄지 '시크하고 도도하게 V'[엑's HD포토],2023.01.31.,https://www.xportsnews.com/article/1682778
엑스포츠뉴스,비비지 신비 '위풍당당 걸크러시'[엑's HD포토],2023.01.31.,https://www.xportsnews.com/article/1682818
디스패치,"[현장포토] ""심장에 콕!""…은하, 깜찍 손하트",2023.01.31.,http://www.dispatch.co.kr/2237251
KBS,서울 광진구 찜질방 지하에서 불…120명 대피,2023.01.23.,https://news.kbs.co.kr/news/view.do?ncd=7585129&ref=A
TV리포트,[T포토] 은하 '이 매력 거부불가',2023.01.31.,https://www.tvreport.co.kr/2131172
조이뉴스24,"[조이TV]비비지(VIVIZ), 미니 3집 타이틀곡 'PULL UP' 하이라이트 무대",2023.01.31.,http://www.joynews24.com/view/1562655
뉴시스,실내 마스크 의무 착용 해제,2023.01.30.,http://www.newsis.com/view/?id=NISI20230130_0019726092
TV리포트,[T포토] 비비지 '베리어스로 컴백',2023.01.31.,https://www.tvreport.co.kr/2131138
OSEN,"[사진]비비지 엄지,'힙라인 뽐내며 화려한 무대'",2023.01.31.,http://www.osen.co.kr/article/G1112033425
뉴시스,통학버스에선 마스크 착용,2023.01.30.,http://www.newsis.com/view/?id=NISI20230130_0019725933
톱스타뉴스,"[TOP영상] 비비지(VIVIZ), 수록곡 'So Special(쏘 스페셜)' 무대(230131 비비...",2023.01.31.,http://www.topstarnews.net/news/articleView.html?idxno=15061661
TV리포트,[T포토] 비비지 '베리어스로 컴백',2023.01.31.,https://www.tvreport.co.kr/2131138
조이뉴스24,"[조이TV]비비지(VIVIZ), 미니 3집 수록곡 'So Special' 하이라이트 무대",2023.01.31.,http://www.joynews24.com/view/1562656
OSEN,"[사진]비비지 엄지,'힙라인 뽐내며 화려한 무대'",2023.01.31.,http://www.osen.co.kr/article/G1112033425
뉴시스,통학버스에선 마스크 착용,2023.01.30.,http://www.newsis.com/view/?id=NISI20230130_0019725933
톱스타뉴스,"[TOP영상] 비비지(VIVIZ), 수록곡 'So Special(쏘 스페셜)' 무대(230131 비비...",2023.01.31.,http://www.topstarnews.net/news/articleView.html?idxno=15061661
엑스포츠뉴스,"비비지 ""'풀업' MV, 뒤에서 수근거리는 사람들 향한 통쾌한 복수극""",2023.01.31.,https://www.xportsnews.com/article/1682762
TV리포트,[T포토] 은하 '복근 돋보이는 웨이브',2023.01.31.,https://www.tvreport.co.kr/2131164
뉴스엔,"비비지 엄지, 눈에 확 띄는 표정 [포토엔HD]",2023.01.31.,https://www.newsen.com/news_view.php?uid=202301311614011510
뉴스핌,실내 마스크 착용 의무 해제 첫 날,2023.01.30.,http://www.newspim.com/news/view/20230130000623
뉴스엔,"비비지 신비, 표정이 반짝반짝 [포토엔HD]",2023.01.31.,https://www.newsen.com/news_view.php?uid=202301311630221510
뉴스엔,"비비지 은하, 생동감 있는 표정 [포토엔HD]",2023.01.31.,https://www.newsen.com/news_view.php?uid=202301311627131510
뉴스핌,실내 마스크 착용 의무 해제 첫 날,2023.01.30.,http://www.newspim.com/news/view/20230130000623
뉴스엔,"비비지 신비, 표정이 반짝반짝 [포토엔HD]",2023.01.31.,https://www.newsen.com/news_view.php?uid=202301311630221510
조이뉴스24,"[포토]비비지 엄지, 물오른 분위기",2023.01.31.,http://www.joynews24.com/view/1562620
엑스포츠뉴스,"비비지 은하 'MBTI는 CUTE, 압도적인 귀여움'[엑's HD화보]",2023.01.31.,https://www.xportsnews.com/article/1682875
뉴스1,일상으로 돌아가는 학교,2023.01.30.,https://www.news1.kr/photos/view/?5809692
조이뉴스24,"[포토]비비지 은하, 예쁘다 예뻐",2023.01.31.,http://www.joynews24.com/view/1562614
뉴스엔,"비비지 VIVIZ, 3인 3색 화이트 컬러 [포토엔HD]",2023.01.31.,https://www.newsen.com/news_view.php?uid=202301311612141510
bnt뉴스,[bnt포토] 비비지 신비 '시크표정은 신비가 최고',2023.01.31.,https://www.bntnews.co.kr/article/view/bnt202301310081
OSEN,"[사진]비비지 신비,'사랑스러운 눈맞춤 손하트'",2023.01.31.,http://www.osen.co.kr/article/G1112033450
뉴스엔,"비비지 신비, 표정이 반짝반짝 [포토엔HD]",2023.01.31.,https://www.newsen.com/news_view.php?uid=202301311630221510
조이뉴스24,"[포토]비비지 엄지, 물오른 분위기",2023.01.31.,http://www.joynews24.com/view/1562620
엑스포츠뉴스,"비비지 은하 'MBTI는 CUTE, 압도적인 귀여움'[엑's HD화보]",2023.01.31.,https://www.xportsnews.com/article/1682875
뉴스1,일상으로 돌아가는 학교,2023.01.30.,https://www.news1.kr/photos/view/?5809692
조이뉴스24,"[포토]비비지, 미녀 토끼 삼총사",2023.01.31.,http://www.joynews24.com/view/1562603
뉴스엔,"비비지 VIVIZ, 3인 3색 화이트 컬러 [포토엔HD]",2023.01.31.,https://www.newsen.com/news_view.php?uid=202301311612141510
bnt뉴스,[bnt포토] 비비지 신비 '시크표정은 신비가 최고',2023.01.31.,https://www.bntnews.co.kr/article/view/bnt202301310081
OSEN,"[사진]비비지 신비,'사랑스러운 눈맞춤 손하트'",2023.01.31.,http://www.osen.co.kr/article/G1112033450
뉴스1,실내마스크 의무 풀렸지만 대중교통은 유지,2023.01.30.,https://www.news1.kr/photos/view/?5809303
MK스포츠,엄지 ‘비비지~’ [MK포토],2023.01.31.,https://www.mk.co.kr/article/10625119
bnt뉴스,[bnt포토] 비비지 신비 '황은비만이 가능한 표정',2023.01.31.,https://www.bntnews.co.kr/article/view/bnt202301310086
OSEN,"[사진]비비지 신비,'사랑스러운 눈맞춤 손하트'",2023.01.31.,http://www.osen.co.kr/article/G1112033450
뉴스1,실내마스크 의무 풀렸지만 대중교통은 유지,2023.01.30.,https://www.news1.kr/photos/view/?5809303
MK스포츠,엄지 ‘비비지~’ [MK포토],2023.01.31.,https://www.mk.co.kr/article/10625119
뉴시스,실내 마스크 의무 착용 해제 마스크 착용은 자율,2023.01.30.,http://www.newsis.com/view/?id=NISI20230130_0019726078
뉴스1,3년만에 돌아온 노마스크,2023.01.30.,https://www.news1.kr/photos/view/?5809704
bnt뉴스,[bnt포토] 비비지 은하 '정은비는 사랑입니다',2023.01.31.,https://www.bntnews.co.kr/article/view/bnt202301310075
OSEN,"[사진]비비지 신비,'복근 뽐내며 화려한 안무'",2023.01.31.,http://www.osen.co.kr/article/G1112033436
OSEN,"[사진]비비지 은하,'긴 생머리도 잘 어울리죠?'",2023.01.31.,http://www.osen.co.kr/article/G1112033538
천지일보,[포토] ‘마스크 해방’,2023.01.30.,http://www.newscj.com/article/20230130580356
OSEN,"[사진]비비지 신비,'복근 뽐내며 화려한 안무'",2023.01.31.,http://www.osen.co.kr/article/G1112033436
OSEN,"[사진]비비지 은하,'긴 생머리도 잘 어울리죠?'",2023.01.31.,http://www.osen.co.kr/article/G1112033538
천지일보,[포토] ‘마스크 해방’,2023.01.30.,http://www.newscj.com/article/20230130580356
티브이데일리,"비비지 ""우리 나이에 소화할 수 있는 멋짐 보여줄 것""",2023.01.31.,http://www.tvdaily.co.kr/read.php3?aid=16751480201666403010
뉴스1,'친구 얼굴 마주 보고',2023.01.30.,https://www.news1.kr/photos/view/?5809673
문화일보,마스크 벗고 ‘활짝’,2023.01.30.,https://www.munhwa.com/news/view.html?no=2023013001070118174001
MBC연예,"""비비지 은하X신비 맞아?"" 긴 생머리에 골반 브레이크 댄스까지",2023.01.31.,http://enews.imbc.com/News/RetrieveNewsInfo/372176
헤럴드POP,"[포토]신비, ""'여자친구' 언제간 재결합하길 기대""",2023.01.31.,http://biz.heraldcorp.com/view.php?ud=202301311651553110768_1
서울경제,실내마스크 착용 의무 해제 첫 날…마스크 벗고 활짝 웃는 초등학생,2023.01.30.,https://www.sedaily.com/NewsView/29KOBLF8A9
디스패치,"[현장포토] ""피었다, 미모 꽃""…엄지, 소녀의 청순",2023.01.31.,http://www.dispatch.co.kr/2237257
디스패치,"[현장포토] ""도도, 그 자체""…신비, 시크한 캣츠걸",2023.01.31.,http://www.dispatch.co.kr/2237256
엑스포츠뉴스,비비지 은하 '농염해진 섹시 카리스마'[엑's HD포토],2023.01.31.,https://www.xportsnews.com/article/1682809
TV리포트,[T포토] 비비지 '중독성 넘치는 풀 업',2023.01.31.,https://www.tvreport.co.kr/2131161
뉴스1,'통학버스는 마스크 착용',2023.01.30.,https://www.news1.kr/photos/view/?5809337
뉴시스,통학버스에선 마스크 착용해야,2023.01.30.,http://www.newsis.com/view/?id=NISI20230130_0019725934
TV리포트,[T포토] 비비지 '강렬한 엔딩 요정들',2023.01.31.,https://www.tvreport.co.kr/2131177
뉴스핌,오늘부터 실내 마스크 착용 의무 해제,2023.01.30.,http://www.newspim.com/news/view/20230130000632
bnt뉴스,[bnt포토] 비비지 신비-은하-엄지 '3인3색 카리스마',2023.01.31.,https://www.bntnews.co.kr/article/view/bnt202301310087
서울와이어,"[영상] VIVIZ (비비지, 은하 · 신비 · 엄지)ㅣ세 번째 미니앨범 'VarioUS (...",2023.01.31.,http://www.seoulwire.com/news/articleView.html?idxno=493185
헤럴드POP,"[포토]비비지 엄지, 여자친구 데뷔 8주년 감격스러워~",2023.01.31.,http://biz.heraldcorp.com/view.php?ud=202301311646513063781_1
뉴스핌,오늘부터 실내 마스크 착용 의무 해제,2023.01.30.,http://www.newspim.com/news/view/20230130000632
bnt뉴스,[bnt포토] 비비지 신비-은하-엄지 '3인3색 카리스마',2023.01.31.,https://www.bntnews.co.kr/article/view/bnt202301310087
서울와이어,"[영상] VIVIZ (비비지, 은하 · 신비 · 엄지)ㅣ세 번째 미니앨범 'VarioUS (...",2023.01.31.,http://www.seoulwire.com/news/articleView.html?idxno=493185
헤럴드POP,"[포토]비비지 엄지, 여자친구 데뷔 8주년 감격스러워~",2023.01.31.,http://biz.heraldcorp.com/view.php?ud=202301311646513063781_1
뉴스엔,"비비지 은하, 수식어가 필요없는 포즈 [포토엔HD]",2023.01.31.,https://www.newsen.com/news_view.php?uid=202301311609071510
SK브로드밴드,[B tv 서울뉴스] 포토뉴스,2023.01.30.,http://ch1.skbroadband.com/content/view?parent_no=24&content_no=57&p_no=151878
조이뉴스24,"[포토]비비지, 카리스마 타이틀곡 '풀업'",2023.01.31.,http://www.joynews24.com/view/1562632
bnt뉴스,[bnt포토] 비비지 신비 '클로즈업을 부르는 냥예진 미모',2023.01.31.,https://www.bntnews.co.kr/article/view/bnt202301310090
bnt뉴스,[bnt포토] 비비지 은하 '헤메가 화룡점정한 사랑스러움',2023.01.31.,https://www.bntnews.co.kr/article/view/bnt202301310088
스포츠투데이,"비비지 은하 ""'풀업' 뮤비, 뒤에서 수근거리는 사람 향한 복수 담았다""",2023.01.31.,http://www.stoo.com/article.php?aid=85169255571
뉴스엔,"비비지 신비, 표정보니 예쁨 퍼펙트! [포토엔HD]",2023.01.31.,https://www.newsen.com/news_view.php?uid=202301311635591510
SK브로드밴드,[B tv 서울뉴스] 포토뉴스,2023.01.30.,http://ch1.skbroadband.com/content/view?parent_no=24&content_no=57&p_no=151878
조이뉴스24,"[포토]비비지, 카리스마 타이틀곡 '풀업'",2023.01.31.,http://www.joynews24.com/view/1562632
bnt뉴스,[bnt포토] 비비지 신비 '클로즈업을 부르는 냥예진 미모',2023.01.31.,https://www.bntnews.co.kr/article/view/bnt202301310090
bnt뉴스,[bnt포토] 비비지 은하 '헤메가 화룡점정한 사랑스러움',2023.01.31.,https://www.bntnews.co.kr/article/view/bnt202301310088
스포츠투데이,"비비지 은하 ""'풀업' 뮤비, 뒤에서 수근거리는 사람 향한 복수 담았다""",2023.01.31.,http://www.stoo.com/article.php?aid=85169255571
bnt뉴스,[bnt포토] 비비지 은하 '만세 삼창 외치고픈 사랑스러움',2023.01.31.,https://www.bntnews.co.kr/article/view/bnt202301310085
천지일보,[포토] ‘마스크로부터 해방’,2023.01.30.,http://www.newscj.com/article/20230130580371
MK스포츠,은하 ‘색다른 모습’ [MK포토],2023.01.31.,https://www.mk.co.kr/article/10625072
조이뉴스24,"[포토]비비지 단발좌 은하, 긴생머리 대변신",2023.01.31.,http://www.joynews24.com/view/1562613
MK스포츠,은하 ‘색다른 모습’ [MK포토],2023.01.31.,https://www.mk.co.kr/article/10625072
조이뉴스24,"[포토]비비지 단발좌 은하, 긴생머리 대변신",2023.01.31.,http://www.joynews24.com/view/1562613
티브이데일리,"비비지 컴백 ""열심히 준비했으니 예쁘게 봐줬으면 좋겠다""",2023.01.31.,http://www.tvdaily.co.kr/read.php3?aid=16751477651666402010
디스패치,"[현장포토] ""깜찍과 시크사이""…은하, 반전의 두 얼굴",2023.01.31.,http://www.dispatch.co.kr/2237261
천지일보,[포토] 마스크 벗고 수업에 참석하는 학생,2023.01.30.,http://www.newscj.com/article/20230130580364
전자신문,"[종합] 비비지, '8년차 성숙감으로 연 1주년 쨍한 시크' (VarioUS 쇼케)",2023.01.31.,https://www.etnews.com/20230131000294
디스패치,"[현장포토] ""눈빛으로 올킬""…신비, 순백의 카리스마",2023.01.31.,http://www.dispatch.co.kr/2237258
뉴데일리,[포토] 미니3집 베리어스로 컴백한 비비지,2023.01.31.,https://www.newdaily.co.kr/site/data/html/2023/01/31/2023013100205.html
뉴스1,마스크 착용이 익숙한 등굣길,2023.01.30.,https://www.news1.kr/photos/view/?5809433
뉴스1,'통학버스에서는 마스크 착용',2023.01.30.,https://www.news1.kr/photos/view/?5809335
뉴데일리,[포토] 미니3집 베리어스로 컴백한 비비지,2023.01.31.,https://www.newdaily.co.kr/site/data/html/2023/01/31/2023013100205.html
뉴스1,마스크 착용이 익숙한 등굣길,2023.01.30.,https://www.news1.kr/photos/view/?5809433
뉴스1,'통학버스에서는 마스크 착용',2023.01.30.,https://www.news1.kr/photos/view/?5809335
뉴시스,실내마스크 의무 해제 대중교통은 필수,2023.01.30.,http://www.newsis.com/view/?id=NISI20230130_0019725940
엑스포츠뉴스,"비비지 신비 '신나는 컴백, 떠나지 않는 미소'[엑's HD포토]",2023.01.31.,https://www.xportsnews.com/article/1682827
TV리포트,[T포토] 비비지 '따뜻한 감성 So Specia 무대',2023.01.31.,https://www.tvreport.co.kr/2131179
아시아투데이,[포토] 통학 차량은 마스크 착용 계속,2023.01.30.,https://www.asiatoday.co.kr/view.php?key=20230130010014058
뉴스엔,"비비지 신비, 입체적으로 다가오는예쁨 [포토엔HD]",2023.01.31.,https://www.newsen.com/news_view.php?uid=202301311613261510
아주경제,"세종대, 日 요코하마국립대 유학 설명회 열어",2023.01.30.,https://www.ajunews.com/view/20230130103808933
bnt뉴스,[bnt포토] 비비지 신비 '디테일하고 신비로운 네일아트',2023.01.31.,https://www.bntnews.co.kr/article/view/bnt202301310078
아시아투데이,[포토] 통학 차량은 마스크 착용 계속,2023.01.30.,https://www.asiatoday.co.kr/view.php?key=20230130010014058
뉴스엔,"비비지 은하, 표정 만큼이나 심쿵한 안무 [포토엔HD]",2023.01.31.,https://www.newsen.com/news_view.php?uid=202301311629031510
조이뉴스24,"[포토]비비지 '풀업', 시크하고 강렬하게!",2023.01.31.,http://www.joynews24.com/view/1562633
아주경제,"세종대, 日 요코하마국립대 유학 설명회 열어",2023.01.30.,https://www.ajunews.com/view/20230130103808933
bnt뉴스,[bnt포토] 비비지 신비 '디테일하고 신비로운 네일아트',2023.01.31.,https://www.bntnews.co.kr/article/view/bnt202301310078
MK스포츠,엄지 ‘시크한 카리스마’ [MK포토],2023.01.31.,https://www.mk.co.kr/article/10625068
뉴데일리,[포토] 타이틀곡 무대 선보이는 걸그룹 비비지,2023.01.31.,https://www.newdaily.co.kr/site/data/html/2023/01/31/2023013100197.html
머니S,[머니S포토] '마스크 착용이 익숙해요',2023.01.30.,http://moneys.mt.co.kr/news/mwView.php?no=2023013009545386847
뉴스1,버스 안에서는 마스크 착용 필수,2023.01.30.,https://www.news1.kr/photos/view/?5809302
디스패치,"[현장영상] “수트가 찰떡”…비비지, 시선집중 비주얼",2023.01.31.,http://www.dispatch.co.kr/2237276
조이뉴스24,"[포토]비비지, 미니 3집 '베리어스'로 컴백",2023.01.31.,http://www.joynews24.com/view/1562597
bnt뉴스,[bnt포토] 비비지 신비 '디테일하고 신비로운 네일아트',2023.01.31.,https://www.bntnews.co.kr/article/view/bnt202301310078
MK스포츠,엄지 ‘섹시한 웨이브’ [MK포토],2023.01.31.,https://www.mk.co.kr/article/10625114
뉴데일리,[포토] 타이틀곡 무대 선보이는 걸그룹 비비지,2023.01.31.,https://www.newdaily.co.kr/site/data/html/2023/01/31/2023013100197.html
머니S,[머니S포토] '마스크 착용이 익숙해요',2023.01.30.,http://moneys.mt.co.kr/news/mwView.php?no=2023013009545386847
뉴스1,버스 안에서는 마스크 착용 필수,2023.01.30.,https://www.news1.kr/photos/view/?5809302
디스패치,"[현장영상] “수트가 찰떡”…비비지, 시선집중 비주얼",2023.01.31.,http://www.dispatch.co.kr/2237276
스포츠Q,"한계 없는 스펙트럼, '비비지'이기에 [SQ현장]",2023.01.31.,http://www.sportsq.co.kr/news/articleView.html?idxno=448710
시민일보,광진구 자양3·4동-화양동 지역투자예산 220억 확정··· 김혜영 서울시의원...,2023.01.26.,https://www.siminilbo.co.kr/news/newsview.php?ncode=1160281383876125
MK스포츠,엄지 ‘점점 더 예뻐지네’ [MK포토],2023.01.31.,https://www.mk.co.kr/article/10624973
MK스포츠,엄지 ‘당찬 카리스마’ [MK포토],2023.01.31.,https://www.mk.co.kr/article/10625086
뉴데일리,[포토] 타이틀곡 무대 선보이는 걸그룹 비비지,2023.01.31.,https://www.newdaily.co.kr/site/data/html/2023/01/31/2023013100197.html
머니S,[머니S포토] '마스크 착용이 익숙해요',2023.01.30.,http://moneys.mt.co.kr/news/mwView.php?no=2023013009545386847
뉴스1,'통학버스에서는 마스크 착용해요',2023.01.30.,https://www.news1.kr/photos/view/?5809343
디스패치,"[현장영상] “수트가 찰떡”…비비지, 시선집중 비주얼",2023.01.31.,http://www.dispatch.co.kr/2237276
스포츠Q,"한계 없는 스펙트럼, '비비지'이기에 [SQ현장]",2023.01.31.,http://www.sportsq.co.kr/news/articleView.html?idxno=448710
시민일보,광진구 자양3·4동-화양동 지역투자예산 220억 확정··· 김혜영 서울시의원...,2023.01.26.,https://www.siminilbo.co.kr/news/newsview.php?ncode=1160281383876125
MK스포츠,엄지 ‘점점 더 예뻐지네’ [MK포토],2023.01.31.,https://www.mk.co.kr/article/10624973
뉴스엔,"비비지 VIVIZ, 패션 감각도, 음악도 백점 만점 [포토엔HD]",2023.01.31.,https://www.newsen.com/news_view.php?uid=202301311617141510
이데일리,[포토]기분이 좋아요~,2023.01.30.,http://www.edaily.co.kr/news/newspath.asp?newsid=02433766635482968
스포츠Q,"한계 없는 스펙트럼, '비비지'이기에 [SQ현장]",2023.01.31.,http://www.sportsq.co.kr/news/articleView.html?idxno=448710
시민일보,광진구 자양3·4동-화양동 지역투자예산 220억 확정··· 김혜영 서울시의원...,2023.01.26.,https://www.siminilbo.co.kr/news/newsview.php?ncode=1160281383876125
MK스포츠,엄지 ‘점점 더 예뻐지네’ [MK포토],2023.01.31.,https://www.mk.co.kr/article/10624973
뉴스엔,"비비지 VIVIZ, 패션 감각도, 음악도 백점 만점 [포토엔HD]",2023.01.31.,https://www.newsen.com/news_view.php?uid=202301311617141510
이데일리,[포토]기분이 좋아요~,2023.01.30.,http://www.edaily.co.kr/news/newspath.asp?newsid=02433766635482968
뉴시스,"실내마스크 착용 의무 해제 첫 날, 버스에선 반드시 착용해야",2023.01.30.,http://www.newsis.com/view/?id=NISI20230130_0019725942
이데일리,[포토]미소 짓는 학생,2023.01.30.,http://www.edaily.co.kr/news/newspath.asp?newsid=02387846635482968
뉴스1,"실내 마스크 해제 첫 날, 등교하는 어린이들",2023.01.30.,https://www.news1.kr/photos/view/?5809298
조이뉴스24,"[포토]비비지, 토끼해는 섹시하고 깜찍하고 다해~",2023.01.31.,http://www.joynews24.com/view/1562604
노컷뉴스,등교하는 초등학생,2023.01.30.,https://www.nocutnews.co.kr/news/5886241
MK스포츠,비비지 은하 ‘물 오른 미모’ [MK포토],2023.01.31.,https://www.mk.co.kr/article/10624974
뉴스1,등교버스에서는 마스크 착용 '필수',2023.01.30.,https://www.news1.kr/photos/view/?5809336
뉴시스,"실내마스크 착용 의무 해제 첫 날, 등교하는 학생들",2023.01.30.,http://www.newsis.com/view/?id=NISI20230130_0019725939
파이낸셜뉴스,마스크 해제 첫날…해방감과 불안감,2023.01.30.,http://www.fnnews.com/news/202301301806192018
시민일보,"광진구, 저소득 구민 이사비용 지원",2023.01.24.,https://www.siminilbo.co.kr/news/newsview.php?ncode=1160306048495876
OSEN,"비비지(VIVIZ),'PULL UP 무대' 3rd 미니앨범 'VarioUS' 쇼케이스 [O! STAR]",2023.01.31.,http://www.osen.co.kr/article/G1112033517
TV리포트,[T포토] 비비지 '세 번째 미니앨범으로 컴백했어요!',2023.01.31.,https://www.tvreport.co.kr/2131149
노컷뉴스,실내마스크 의무 풀렸지만 대중교통은 필수,2023.01.30.,https://www.nocutnews.co.kr/news/5886247
MK스포츠,은하 ‘긴머리 찰랑~ 청순 가득’ [MK포토],2023.01.31.,https://www.mk.co.kr/article/10625032
아시아경제,관악(140억)·강남·광진구(130억)· 강북구(120억) 상품권 발행,2023.01.16.,https://view.asiae.co.kr/article/2023011607480318269
시민일보,"광진구, 저소득 구민 이사비용 지원",2023.01.24.,https://www.siminilbo.co.kr/news/newsview.php?ncode=1160306048495876
OSEN,"비비지(VIVIZ),'PULL UP 무대' 3rd 미니앨범 'VarioUS' 쇼케이스 [O! STAR]",2023.01.31.,http://www.osen.co.kr/article/G1112033517
TV리포트,[T포토] 비비지 '세 번째 미니앨범으로 컴백했어요!',2023.01.31.,https://www.tvreport.co.kr/2131149
노컷뉴스,실내마스크 의무 풀렸지만 대중교통은 필수,2023.01.30.,https://www.nocutnews.co.kr/news/5886247
MK스포츠,은하 ‘긴머리 찰랑~ 청순 가득’ [MK포토],2023.01.31.,https://www.mk.co.kr/article/10625032
아시아경제,관악(140억)·강남·광진구(130억)· 강북구(120억) 상품권 발행,2023.01.16.,https://view.asiae.co.kr/article/2023011607480318269
이데일리,[포토]마스크 쓰고 등교,2023.01.30.,http://www.edaily.co.kr/news/newspath.asp?newsid=02502646635482968
데일리안,실내마스크 착용 의무 해제...'친구들과 얼굴보며 수업해요',2023.01.30.,https://www.dailian.co.kr/news/view/1196816/?sc=Naver
MK스포츠,비비지 은하 ‘머리 휘날리며~’ [MK포토],2023.01.31.,https://www.mk.co.kr/article/10625040
헤럴드경제,"광진구, 봉제업체 폐원단 처리 위한 종량제 봉투 지원",2023.01.18.,http://news.heraldcorp.com/view.php?ud=20230118000021
MK스포츠,비비지 은하 ‘단발 여신의 변신’ [MK포토],2023.01.31.,https://www.mk.co.kr/article/10625109
헤럴드경제,"광진구, 봉제업체 폐원단 처리 위한 종량제 봉투 지원",2023.01.18.,http://news.heraldcorp.com/view.php?ud=20230118000021
뉴스1,마스크 쓰고 통학버스 이용하는 어린이들,2023.01.30.,https://www.news1.kr/photos/view/?5809299
전자신문,아직은 어색한 'NO마스크',2023.01.30.,https://www.etnews.com/20230130000055
서울신문,실내 마스크 해제 첫 날 “숨 가쁠 때 마스크 벗을 수 있어 좋아”,2023.01.30.,https://www.seoul.co.kr/news/newsView.php?id=20230130500184&wlog_tag3=naver
신아일보,"광진구, 수의사 2명 이상 동물병원 진료비 의무 게시",2023.01.29.,http://www.shinailbo.co.kr/news/articleView.html?idxno=1654404
뉴스핌,"""드디어 해방"" 실내 마스크 해제... 영화관·학교·헬스장도 벗는다.[뉴스핌 ...",2023.01.30.,http://www.newspim.com/news/view/20230130001149
OSEN,"비비지(VIVIZ),'완벽하고 귀여워' 3rd 미니앨범 'VarioUS' 쇼케이스 [O! STAR...",2023.01.31.,http://www.osen.co.kr/article/G1112033520
S-저널,"광진구, ""우리집 앞 위험한 나무, 정비받고 싶다면 신청하세요""",2023.01.26.,https://www.s-journal.co.kr/news/articleView.html?idxno=14269
이데일리,[포토]마스크 착용한 학생들,2023.01.30.,http://www.edaily.co.kr/news/newspath.asp?newsid=02469846635482968
서울신문,실내 마스크 해제 첫 날 “숨 가쁠 때 마스크 벗을 수 있어 좋아”,2023.01.30.,https://www.seoul.co.kr/news/newsView.php?id=20230130500184&wlog_tag3=naver
신아일보,"광진구, 수의사 2명 이상 동물병원 진료비 의무 게시",2023.01.29.,http://www.shinailbo.co.kr/news/articleView.html?idxno=1654404
뉴스핌,"""드디어 해방"" 실내 마스크 해제... 영화관·학교·헬스장도 벗는다.[뉴스핌 ...",2023.01.30.,http://www.newspim.com/news/view/20230130001149
OSEN,"비비지(VIVIZ),'완벽하고 귀여워' 3rd 미니앨범 'VarioUS' 쇼케이스 [O! STAR...",2023.01.31.,http://www.osen.co.kr/article/G1112033520
S-저널,"광진구, ""우리집 앞 위험한 나무, 정비받고 싶다면 신청하세요""",2023.01.26.,https://www.s-journal.co.kr/news/articleView.html?idxno=14269
이데일리,[포토]마스크 착용한 학생들,2023.01.30.,http://www.edaily.co.kr/news/newspath.asp?newsid=02469846635482968
동아일보,“눈썰매 추억을 담아요”,2023.01.30.,https://www.donga.com/news/Society/article/all/20230130/117647947/1
시민일보,"광진구, ‘구민생활안전보험’ 보장 확대",2023.01.24.,https://www.siminilbo.co.kr/news/newsview.php?ncode=1160306554937708
노컷뉴스,버스 안에서는 마스크 착용,2023.01.30.,https://www.nocutnews.co.kr/news/5886251
이데일리,[포토]서로의 표정을 보고 대화,2023.01.30.,http://www.edaily.co.kr/news/newspath.asp?newsid=02440326635482968
노컷뉴스,초등학교 실내마스크 해제,2023.01.30.,https://www.nocutnews.co.kr/news/5886250
이데일리,[포토]서로의 표정을 보고 대화,2023.01.30.,http://www.edaily.co.kr/news/newspath.asp?newsid=02440326635482968
데일리한국,"광진구, 주택화재 진압한 70대 구민에 표창",2023.01.19.,https://daily.hankooki.com/news/articleView.html?idxno=916249
SK브로드밴드,"[B tv 서울뉴스] 광진구, 영세 봉제업 폐원단 처리비용 지원",2023.01.18.,http://ch1.skbroadband.com/content/view?parent_no=24&content_no=57&p_no=151501
딜라이트닷넷,기온 평년보다 높아 온화...오후 경기북부·강원내륙 비 또는 눈,2023.01.31.,https://www.delighti.co.kr/news/articleView.html?idxno=46318
뉴스핌,실내마스크 의무 해제 첫 날...'통학버스는 마스크 착용',2023.01.30.,http://www.newspim.com/news/view/20230130000625
아시아경제,[포토] 마스크 쓰고 등교,2023.01.30.,https://view.asiae.co.kr/article/2023013009583238769
뉴스1,"광진구 중곡4동 신성전통시장, 공식 전통시장으로 발돋움",2023.01.16.,https://www.news1.kr/articles/4925873
MK스포츠,비비지 은하 ‘청순한 긴 생머리 변신’ [MK포토],2023.01.31.,https://www.mk.co.kr/article/10625023
전자신문,'마스크 벗어서 좋아요',2023.01.30.,https://www.etnews.com/20230130000060
뉴스1,추워도 좋아,2023.01.29.,https://www.news1.kr/photos/view/?5808695
뉴스1,우리는 하나,2023.01.29.,https://www.news1.kr/photos/view/?5808697
헤럴드POP,"비비지 은하 ""MV 속 머리 터지는 연출? 뒤에서 수군거리는 사람들 향한 복수""",2023.01.31.,http://biz.heraldcorp.com/view.php?ud=202301311549372758589_1
시민일보,"광진구, 생활체육교실 확대운영",2023.01.27.,https://www.siminilbo.co.kr/news/newsview.php?ncode=1160291610556337
뉴시스,마스크 벗고 수업 들어요,2023.01.30.,http://www.newsis.com/view/?id=NISI20230130_0019726181
스포츠Q,[포토Q] 비비지 엄지 '공주님~',2023.01.31.,http://www.sportsq.co.kr/news/articleView.html?idxno=448704
시사저널이코노미,"[현장] ""이젠 벗는 게 어색해요""···같은 듯 다른 실내 마스크 해제 첫날",2023.01.30.,http://www.sisajournal-e.com/news/articleView.html?idxno=296603
머니S,[머니S포토] '마스크 벗고 활짝',2023.01.30.,http://moneys.mt.co.kr/news/mwView.php?no=2023013010204440807
전자신문,"비비지 신비, ""시크&쿨 Pull Up, 저희 이야기 더해주길 바라는 마음"" (VarioU...",2023.01.31.,https://www.etnews.com/20230131000281
위키트리,오늘(23일) 새벽 서울 광진구 '찜질방'에서 화재 발생해 120명 대피했다,2023.01.23.,https://www.wikitree.co.kr/articles/825370
뉴시스,마스크 벗고 수업 들어요,2023.01.30.,http://www.newsis.com/view/?id=NISI20230130_0019726180
스포츠Q,[포토Q] 비비지 엄지 '공주님~',2023.01.31.,http://www.sportsq.co.kr/news/articleView.html?idxno=448704
시사저널이코노미,"[현장] ""이젠 벗는 게 어색해요""···같은 듯 다른 실내 마스크 해제 첫날",2023.01.30.,http://www.sisajournal-e.com/news/articleView.html?idxno=296603
머니S,[머니S포토] '마스크 벗고 활짝',2023.01.30.,http://moneys.mt.co.kr/news/mwView.php?no=2023013010204440807
전자신문,"비비지 신비, ""시크&쿨 Pull Up, 저희 이야기 더해주길 바라는 마음"" (VarioU...",2023.01.31.,https://www.etnews.com/20230131000281
위키트리,오늘(23일) 새벽 서울 광진구 '찜질방'에서 화재 발생해 120명 대피했다,2023.01.23.,https://www.wikitree.co.kr/articles/825370
노컷뉴스,버스 안에서는 마스크 착용 필수,2023.01.30.,https://www.nocutnews.co.kr/news/5886242
뉴스1,"실내마스크 의무 해제, 아직은 착용이 편한 등굣길",2023.01.30.,https://www.news1.kr/photos/view/?5809437
뉴스엔,"비비지 엄지, 세련된 안무[포토엔HD]",2023.01.31.,https://www.newsen.com/news_view.php?uid=202301311619361510
뉴시스,"실내마스크 착용 의무 해제 첫 날, 통학버스는 마스크 이용",2023.01.30.,http://www.newsis.com/view/?id=NISI20230130_0019725937
뉴스1,"실내마스크 의무 해제, 아직은 착용이 편한 등굣길",2023.01.30.,https://www.news1.kr/photos/view/?5809437
뉴스엔,"비비지 엄지, 세련된 안무[포토엔HD]",2023.01.31.,https://www.newsen.com/news_view.php?uid=202301311619361510
뉴시스,"실내마스크 착용 의무 해제 첫 날, 통학버스는 마스크 이용",2023.01.30.,http://www.newsis.com/view/?id=NISI20230130_0019725937
MK스포츠,비비지 엄지 ‘새로운 모습 기대하세요’ [MK포토],2023.01.31.,https://www.mk.co.kr/article/10625177
경향신문,"‘노마스크’ 학교는…“선생님 말씀 잘 들려”, “놀릴까봐 마스크 안 벗어”",2023.01.30.,https://www.khan.co.kr/national/health-welfare/article/202301302119005
아시아경제,"광진구, 설맞이 식품나눔 캠페인 진행",2023.01.19.,https://view.asiae.co.kr/article/2023011919131446372
이데일리,[포토]마스크 벗고 활짝 미소 짓는 학생,2023.01.30.,http://www.edaily.co.kr/news/newspath.asp?newsid=02391126635482968
이데일리,[포토]스쿨버스에서 하차하는 학생들,2023.01.30.,http://www.edaily.co.kr/news/newspath.asp?newsid=02479686635482968
뉴스1,'풀린 날씨에 실외로',2023.01.29.,https://www.news1.kr/photos/view/?5808691
뉴스1,추울수록 더 신난다,2023.01.29.,https://www.news1.kr/photos/view/?5808690
